ent	32355.590
ait	31079.170
les	21611.610
ais	18577.510
lle	18384.780
our	17324.970
ant	16401.940
que	15838.340
ien	13986.140
des	13157.910
men	12209.500
tre	12076.080
ans	12021.890
ell	11789.810
tai	11735.120
une	11515.430
ous	11401.770
par	11329.090
est	11243.830
pas	11233.010
tou	10622.060
eur	10273.420
vai	10162.640
res	10071.420
dan	9956.600
pou	9697.040
mai	9689.280
qui	9434.250
rai	9134.380
ion	8950.320
out	8941.300
ava	8868.700
mme	8857.360
son	8795.400
ire	8582.130
com	8549.890
che	8323.290
éta	8147.920
ill	7980.210
omm	7921.830
ont	7804.530
eme	7720.850
con	7684.350
sse	7430.310
nte	7281.940
sur	7137.310
eux	7022.470
ons	6936.000
ère	6814.860
end	6472.510
aie	6432.390
ain	6337.750
cha	6264.550
tte	6261.320
tio	6103.200
ouv	5988.620
ave	5977.790
oir	5900.110
plu	5889.360
lai	5842.110
and	5838.490
onn	5758.010
cou	5747.330
fai	5683.430
sai	5657.710
ren	5633.690
ort	5605.130
ass	5595.320
lus	5566.110
ses	5556.740
ten	5527.390
urs	5504.570
ran	5387.800
aut	5374.670
tes	5368.490
ure	5290.270
ois	5225.870
ett	5220.700
ver	5198.440
iss	5191.250
lui	5100.630
nou	5073.420
nce	5026.210
ble	5022.660
ter	5007.800
mon	4992.120
air	4978.760
ser	4866.720
tra	4829.330
vou	4775.060
san	4764.570
ess	4723.440
voi	4690.260
enc	4678.530
ati	4562.050
sou	4517.380
ine	4513.860
ssi	4474.150
ers	4457.930
ier	4440.800
uis	4423.250
ins	4412.180
tro	4390.680
ssa	4384.630
ntr	4353.440
int	4241.780
pre	4199.950
age	4147.500
anc	4138.200
rie	4136.300
ven	4070.010
ens	4056.910
jou	4044.490
vec	4008.270
ard	3992.140
rou	3987.770
mes	3985.010
ute	3903.590
eau	3895.550
ite	3874.240
nne	3833.320
tan	3828.150
pro	3801.820
nai	3786.220
ieu	3767.950
moi	3758.590
dit	3691.430
uve	3687.820
peu	3684.850
all	3596.400
man	3559.320
leu	3531.540
ond	3477.350
ils	3457.420
iqu	3393.280
ces	3391.600
aux	3357.820
vie	3289.830
nde	3261.290
uel	3233.460
ule	3225.850
qua	3214.170
app	3213.670
emp	3213.380
art	3200.020
tem	3183.000
err	3172.110
isa	3121.400
uss	3052.280
bie	3051.350
dis	3031.940
dre	3029.040
ues	3017.100
sen	3017.000
roi	3016.860
nts	3008.510
rte	3005.270
oin	3005.140
lan	2992.840
ièr	2976.100
per	2972.220
ste	2969.140
eil	2954.130
don	2949.030
ris	2939.400
van	2938.580
ême	2921.980
cor	2905.950
ise	2904.470
cet	2874.960
pri	2867.070
rem	2840.810
por	2829.040
gar	2798.190
mêm	2796.950
ena	2790.620
oul	2775.700
lon	2744.030
ndr	2739.800
rès	2733.600
bou	2732.700
omp	2732.170
gra	2712.020
ang	2693.610
arr	2690.640
uit	2690.130
tit	2657.910
abl	2650.770
nti	2620.790
era	2620.540
nda	2616.640
ist	2586.190
ité	2572.970
utr	2554.760
att	2521.740
oup	2519.180
pla	2513.980
pen	2453.440
ler	2449.040
êtr	2416.490
use	2414.780
ura	2410.970
lla	2390.060
nta	2371.470
pré	2364.320
rti	2352.490
nco	2352.290
ign	2350.290
pui	2349.030
rit	2298.050
lem	2296.400
ées	2290.240
oit	2273.970
sui	2273.410
ale	2264.800
pos	2257.240
sem	2244.370
rre	2233.980
ail	2230.800
aus	2225.310
ert	2214.990
ret	2198.230
dev	2198.080
for	2189.190
dem	2185.040
rri	2170.150
deu	2169.530
nes	2165.870
mar	2165.440
lie	2159.480
ore	2145.050
eva	2138.630
bre	2098.240
sta	2066.030
gue	2060.930
ête	2056.310
eti	2054.750
ile	2028.210
cel	2020.260
ner	2000.260
uan	1976.870
ron	1976.590
emb	1974.620
non	1970.460
ema	1965.330
ide	1954.180
ose	1942.330
dai	1938.240
cho	1931.790
her	1928.420
der	1922.980
isi	1916.890
rta	1906.830
eut	1892.050
soi	1892.040
tie	1890.310
nge	1880.800
ras	1867.500
ein	1865.280
nna	1861.500
seu	1849.210
pet	1846.110
omb	1833.520
éri	1825.670
eus	1814.770
ama	1813.550
lit	1802.220
rés	1800.440
enf	1794.310
mps	1777.170
squ	1772.450
foi	1767.620
ime	1766.990
ouc	1765.230
vre	1757.720
min	1757.670
ong	1753.160
heu	1751.570
ord	1743.170
ors	1743.120
tur	1739.770
ive	1738.700
onc	1733.940
car	1732.930
emi	1730.950
imp	1726.040
tin	1722.220
avo	1712.870
sti	1712.320
fin	1699.290
sio	1691.800
nan	1684.200
bon	1681.410
eul	1662.180
gne	1660.460
toi	1660.080
uch	1655.810
nse	1654.050
ara	1653.390
reg	1651.720
len	1650.780
uil	1636.310
cro	1633.960
lqu	1632.760
uva	1624.760
elq	1622.430
rer	1620.100
oui	1616.670
alo	1611.860
fra	1611.200
vis	1597.920
ssé	1597.350
ita	1597.130
rop	1593.220
lis	1582.290
prè	1581.370
ndi	1576.760
ace	1576.650
dir	1574.560
ach	1569.440
ple	1568.690
gen	1561.910
rme	1561.540
ges	1560.260
mbr	1557.420
iso	1556.650
rav	1549.770
ole	1543.820
mal	1543.200
han	1539.400
déc	1539.270
cie	1537.870
rde	1531.270
mou	1524.790
uer	1524.590
hom	1522.780
lor	1521.630
ect	1511.720
urn	1511.180
rch	1509.340
ton	1506.720
are	1496.180
aur	1494.990
cri	1491.150
ega	1488.930
cer	1485.010
fil	1478.230
inc	1466.690
aqu	1460.780
nsi	1459.410
mer	1459.060
mis	1456.180
mbl	1445.340
reu	1442.950
arc	1436.240
mpl	1432.190
teu	1431.280
ici	1425.320
itu	1425.060
sor	1421.060
orm	1415.150
emm	1414.600
ira	1413.880
tir	1413.140
eve	1412.090
rec	1408.730
dou	1406.360
jam	1404.490
poi	1400.390
cen	1399.210
acc	1395.480
bla	1395.090
rir	1389.060
uri	1383.070
fon	1377.110
éra	1373.320
iti	1372.360
nch	1371.920
sit	1369.460
née	1366.420
rép	1365.990
cti	1364.620
rep	1363.290
cla	1360.920
tri	1356.020
ali	1355.500
rap	1354.660
sol	1350.440
éco	1347.180
mie	1336.760
fau	1327.400
och	1318.060
ger	1302.950
auc	1300.440
rce	1298.390
riv	1297.740
rat	1294.220
esp	1293.510
ela	1276.250
nir	1276.040
ern	1273.380
veu	1270.740
mor	1270.580
rra	1269.630
fer	1269.510
let	1264.580
erc	1264.060
ujo	1257.780
erv	1257.450
vit	1245.450
erm	1245.200
uvr	1240.530
eni	1236.820
chi	1233.210
ina	1229.230
nst	1224.440
aim	1222.130
bra	1220.860
épa	1220.470
hos	1211.770
sie	1211.060
ima	1211.000
ibl	1210.570
hau	1206.950
tal	1204.840
été	1203.330
mpr	1200.600
vra	1196.470
loi	1194.640
ini	1193.950
col	1192.220
mil	1191.810
ili	1190.590
quo	1187.600
rac	1187.440
nté	1182.560
ndu	1173.600
pli	1173.110
met	1170.040
arl	1168.680
ami	1160.850
ula	1158.600
sin	1156.440
cul	1150.220
trè	1150.000
rée	1140.650
roc	1140.250
enn	1136.600
sag	1133.500
mat	1122.910
otr	1122.620
uoi	1121.180
nie	1119.520
oya	1119.370
str	1112.530
ppe	1109.840
rge	1109.470
ate	1104.640
ouj	1103.250
ché	1097.870
rqu	1083.500
éch	1083.250
fou	1082.250
enu	1081.050
lac	1078.310
rêt	1077.300
rne	1076.480
nça	1076.050
tab	1073.450
yeu	1072.370
pie	1070.100
dés	1069.280
oss	1068.040
fan	1066.750
tel	1065.470
hai	1062.250
tat	1059.600
ame	1057.030
sée	1056.630
ome	1047.450
amb	1046.960
épo	1045.690
rev	1043.850
arm	1043.500
uff	1042.220
ése	1038.850
ade	1038.740
eco	1038.450
ind	1037.770
jeu	1033.880
sav	1031.540
urt	1029.540
nqu	1028.120
fem	1022.670
oli	1021.120
réc	1013.310
mpo	1008.400
hes	1007.570
apr	1000.100
nné	997.790
bli	996.390
pon	994.610
éci	994.450
not	992.990
agn	992.940
bea	990.970
ani	989.210
dra	987.140
its	981.130
ari	981.060
ttr	977.300
têt	976.600
den	974.000
ubl	970.320
lli	970.120
tiq	968.400
lat	965.310
voy	965.290
ssu	964.710
act	964.360
env	962.680
pel	951.310
ala	950.960
ros	948.240
mpa	947.530
oeu	943.570
nfi	941.470
llé	940.180
tta	939.550
die	939.110
uta	938.690
nfa	937.750
ing	937.550
pèr	935.130
ume	934.680
çai	932.990
vin	932.730
mèr	932.720
ivr	932.080
rin	931.450
pai	928.340
iva	927.380
uai	927.010
aît	925.940
oue	925.190
rom	918.800
lev	911.090
ies	907.280
lée	906.700
ude	900.250
nat	898.990
lou	891.030
agi	887.090
nui	886.880
usi	885.650
ési	885.240
gea	883.180
nds	880.690
rmi	878.590
urr	876.360
ust	874.580
har	867.930
uti	865.980
nom	865.720
tér	864.460
ann	856.820
tôt	854.050
écr	853.360
sec	853.040
ppr	847.900
sal	847.590
bat	843.840
exp	841.770
aff	839.680
mag	838.670
uto	837.410
esc	837.360
riè	836.370
tis	834.950
lei	834.930
bar	834.030
noi	833.530
arg	832.520
sis	830.250
ral	829.200
ice	828.300
eun	827.330
uet	827.260
api	826.190
oix	824.880
dép	821.240
étr	814.000
abi	812.950
vol	812.810
déj	812.090
gro	811.470
cle	810.460
upe	810.390
lic	810.110
nis	807.980
jet	807.480
 qu	805.470
tés	803.940
rna	803.580
mot	801.610
bri	797.470
lar	796.830
ffe	796.350
ica	795.310
cas	795.240
cal	795.060
cin	794.790
tom	794.460
som	792.390
dro	791.340
mit	791.000
rle	789.810
ffi	788.710
uni	788.630
orc	788.100
eff	786.980
iff	786.880
inu	786.230
ngu	785.200
rel	784.410
ets	783.880
gna	783.550
val	782.620
bru	781.770
rma	778.040
ric	776.620
rda	773.440
éte	773.360
oig	770.040
rni	769.090
fle	768.050
ére	766.530
rdi	764.690
nal	763.160
cte	760.900
pér	760.860
auv	760.050
vil	758.030
bil	756.350
oil	756.290
idé	755.920
rue	754.520
oud	753.950
oqu	753.030
tar	750.980
éti	748.940
sau	748.310
nem	747.290
erd	747.140
bor	746.230
lut	746.120
ueu	742.840
nue	742.550
eri	741.720
rso	739.650
onf	739.010
pat	738.270
miè	738.210
fro	735.790
çon	735.680
sib	734.800
fic	733.180
lum	732.170
amp	730.450
bas	729.810
ut-	727.850
ref	727.020
yai	726.580
ouf	725.310
hev	724.940
uge	724.420
ian	723.310
atr	720.620
hez	719.580
bes	717.770
esq	716.580
raî	716.000
epr	715.640
avi	712.280
mom	711.800
pag	710.490
pau	708.140
-êt	708.100
tée	707.200
éjà	707.160
ban	706.880
cra	705.820
côt	704.880
ppo	704.730
liq	703.220
nvi	700.750
ppa	699.590
rve	699.010
t-ê	697.970
gri	696.940
ham	695.790
pei	695.580
sil	695.310
ape	695.130
can	694.540
mur	693.720
cun	692.410
lig	691.830
llo	689.520
fac	688.560
anç	687.300
ori	687.090
iné	686.600
rag	685.640
mbe	684.320
fit	684.280
tim	683.010
rei	682.310
aud	681.280
tue	680.790
ffr	678.880
sso	678.590
tud	678.590
neu	677.520
ria	677.370
cat	676.700
oug	676.310
doi	673.010
hon	667.150
écl	665.670
ige	665.450
oll	663.200
pit	661.230
nci	661.050
epu	660.080
dep	659.530
cre	658.850
éné	658.380
hab	656.830
his	653.170
meu	653.080
e q	652.970
ce 	652.560
til	651.840
rui	649.830
evi	648.830
ora	646.780
ves	645.630
vei	645.590
nve	644.780
ote	642.930
olo	641.870
tré	638.350
îtr	637.930
ivi	637.630
viv	637.420
oub	637.350
nit	635.660
nos	635.590
urd	629.450
qué	628.880
inq	628.660
tac	628.530
amo	626.070
nsa	625.680
bit	625.530
éme	623.000
jus	622.430
vel	621.940
ifi	621.610
rév	621.550
rto	621.090
sez	620.830
ngt	620.040
tor	619.100
sir	615.130
uiv	614.840
pir	612.600
sto	612.060
eto	606.110
lot	606.090
igu	605.520
feu	603.700
oye	599.670
hem	597.080
vez	595.670
abo	592.630
dor	592.030
sce	590.880
dét	590.350
gre	588.710
ott	586.380
bai	586.240
cit	585.820
llu	582.630
orp	582.560
oie	582.200
mba	581.300
éto	581.030
cco	580.060
ôté	579.530
déf	577.360
spe	576.490
umi	574.770
gén	573.210
nor	573.090
sus	571.120
lég	570.460
tag	570.000
vid	569.050
-mê	567.280
iel	564.860
spo	562.220
hor	562.010
bal	561.550
isé	559.870
mpt	559.080
pte	557.100
irs	556.840
hie	556.400
déb	555.120
net	554.500
tic	554.320
élé	551.480
ram	550.910
lin	550.890
mir	550.150
sig	549.070
lib	546.240
ème	545.960
fen	545.820
iai	544.980
fut	542.530
lag	541.980
isp	541.360
arq	540.360
atu	539.740
rad	539.560
ode	538.810
ots	538.610
cil	538.240
rot	537.600
anq	537.540
uat	535.710
sac	535.300
boi	535.250
elu	534.980
ied	534.450
gno	534.390
dée	534.160
ept	532.100
vio	532.080
imm	531.550
pay	531.130
mpe	530.670
pes	530.580
rrê	530.460
gou	529.960
arf	529.470
cap	529.010
tiv	527.540
rvi	527.480
rmé	526.120
off	526.070
édi	525.810
pan	525.660
udr	525.540
plo	524.690
ffa	523.360
etr	522.450
ich	517.630
nel	517.210
cam	516.840
gag	515.460
nér	515.290
fus	515.010
lam	514.950
ult	514.890
arb	513.800
euv	513.550
tif	513.410
gin	513.390
ngl	512.040
cur	511.970
-de	511.350
émo	510.720
dif	510.440
ber	509.980
ccu	507.010
éga	506.880
cep	505.990
liv	504.450
las	503.750
cré	502.740
fla	501.510
cui	501.290
itr	500.740
rof	500.590
mée	500.430
urq	498.700
bel	498.680
scu	498.580
von	498.530
nen	498.380
sup	498.080
vea	497.470
niè	497.420
sûr	497.150
nnu	497.040
fér	496.760
dur	495.270
rab	494.430
din	493.950
rts	491.970
dam	491.950
fal	490.940
uco	490.390
vri	489.720
rim	488.540
haq	488.250
dui	486.040
aci	485.540
onv	485.350
rps	485.220
cid	484.200
gla	481.570
spa	479.780
lèv	478.410
ast	478.220
sat	477.760
eai	476.620
rté	476.210
niq	475.290
tru	472.550
vot	471.470
adi	471.000
pho	468.820
uem	468.070
occ	467.960
osa	467.850
gli	467.160
vem	467.100
aig	464.870
ata	464.590
iei	463.480
sei	461.760
rig	460.190
eui	460.090
fam	459.150
hum	458.800
réf	458.100
sim	457.340
mus	453.460
ceu	452.730
ète	451.410
pol	451.150
ucu	450.660
rio	450.530
ril	449.540
uré	449.510
oût	448.610
exi	448.320
eig	447.430
rét	444.990
inv	444.010
eté	441.950
évi	441.250
coe	440.840
aba	440.440
cis	440.250
siè	439.990
omi	439.230
rob	438.440
éve	437.410
rse	436.860
rro	436.730
uin	436.560
tea	436.030
ial	436.000
ncé	435.690
tiè	435.040
èce	434.870
rné	433.530
nfo	433.300
yan	432.800
'un	432.100
mas	431.370
ièc	431.280
uli	431.210
aîn	430.350
osé	430.270
nto	430.260
ndo	427.600
ngé	427.090
sci	426.830
itt	426.130
inf	425.820
tei	425.110
ext	424.960
obs	422.200
rds	421.840
pec	419.390
oma	418.090
rdr	416.020
elo	415.930
exc	414.370
laq	414.110
xpl	413.170
mma	413.100
idi	412.460
rré	412.440
réa	412.430
éré	412.050
org	411.230
lés	410.070
hal	409.980
apa	409.790
rég	409.630
gné	409.310
imi	409.160
isc	409.130
rus	407.900
éli	407.310
nez	403.520
sés	403.240
ete	403.170
fri	402.280
uir	402.200
ulo	399.570
gle	399.270
rla	399.100
nsu	398.610
sme	397.830
iré	397.790
ost	397.120
rsa	397.090
dér	396.770
éro	396.520
uce	395.250
nsé	394.110
cai	393.950
ndé	393.710
dém	393.680
ève	393.660
dia	393.460
ase	391.310
ffl	390.970
erg	390.710
gré	389.980
gal	389.000
olu	388.920
osi	387.230
éca	386.690
cau	386.660
piè	386.520
ele	386.480
evo	386.150
vir	385.980
uée	385.710
ays	385.450
hui	383.370
aul	382.810
pin	382.610
sca	382.370
vag	381.800
rci	380.820
nag	380.660
pét	379.370
dél	378.930
st-	378.880
aro	378.390
lir	378.040
t-c	375.860
d'a	375.810
oid	373.840
ntu	373.830
ana	373.790
éla	373.600
aya	373.380
sel	373.320
vic	373.160
méd	372.690
spi	372.520
roy	372.340
joi	371.740
bro	371.650
sab	371.250
ats	370.920
nvo	369.800
ffé	369.560
sté	369.550
uda	367.550
cli	367.300
fia	365.730
cad	364.420
ène	364.180
ada	363.440
rut	361.710
cup	361.630
évo	361.020
aid	360.620
lad	359.670
mun	359.570
pea	358.820
lez	358.050
els	357.880
but	356.810
âch	356.420
pap	356.390
gan	356.350
has	355.990
icu	355.620
mét	355.410
i-m	354.980
lié	354.690
vée	354.430
nus	354.330
faç	353.830
rog	353.200
coi	353.140
éso	352.990
upé	352.120
uté	352.100
abs	351.570
blo	351.480
pti	351.410
oua	351.260
oni	350.190
isq	349.990
lia	349.660
iét	349.380
obl	349.140
épr	349.020
yer	348.210
cru	348.020
écu	347.490
rbe	346.530
adr	346.360
cip	346.150
hap	345.940
mau	345.840
agu	345.110
gni	344.770
nut	344.670
exe	344.460
cia	343.620
amm	343.100
eno	342.120
exa	341.280
équ	341.270
ctu	340.050
ffo	339.860
eng	339.500
red	339.480
log	339.150
uvé	338.360
rib	338.300
eta	338.120
iro	336.940
pis	336.310
nêt	336.170
gte	335.540
prê	335.350
asi	335.330
opr	335.000
ota	334.870
ene	334.730
ono	334.290
ui-	333.740
ôte	333.670
ivé	332.410
ilà	332.160
ona	331.950
uma	331.320
oti	331.220
ero	330.820
ane	330.740
rdu	329.740
aco	329.410
rol	329.100
oux	328.810
-ce	328.800
éni	328.400
nni	328.060
upi	327.870
rôl	327.320
ôle	326.820
ict	326.640
uie	326.210
nso	325.980
spé	325.890
rço	325.650
upp	325.270
fes	325.110
upa	324.860
mod	324.180
opo	323.970
uen	323.230
rtu	322.900
urg	322.710
mmu	322.440
dos	322.390
vas	321.830
ano	321.520
éfi	321.500
rêv	321.370
mér	321.340
êch	320.630
het	319.810
dég	319.130
ibr	318.960
hés	318.840
uar	317.180
cac	316.700
au-	316.430
emo	316.110
rez	315.480
mad	313.560
îne	312.910
iez	312.430
div	312.180
acu	311.950
aço	311.840
fie	311.280
ajo	310.030
vér	309.180
oto	308.920
dic	308.830
iol	308.110
fre	307.730
émi	307.700
nif	306.930
one	305.830
gée	305.790
gui	305.660
tig	305.460
git	305.190
cem	305.040
èvr	304.800
ola	304.530
nés	303.740
rfo	303.200
dix	303.110
l'u	302.570
udi	301.950
ere	301.810
riq	301.600
fum	301.590
tèr	301.230
rèr	301.130
usa	300.730
mul	300.250
gie	299.850
cce	299.840
hér	299.640
tél	298.050
aru	297.790
ncl	297.530
vue	297.520
hée	297.190
ièm	296.880
urp	295.750
éce	295.740
eli	295.670
ism	295.360
gèr	295.350
lec	295.030
due	294.840
sid	294.360
oei	294.260
épi	293.300
enê	292.300
eso	292.170
ecr	291.990
uqu	291.580
usc	290.790
scr	290.490
u-d	290.210
iga	290.060
obi	289.850
mac	289.070
umé	287.050
pal	286.780
gau	286.730
clo	286.700
tas	286.000
rea	284.420
naî	284.290
éno	283.880
gis	283.490
uvo	283.150
ulé	282.650
hou	281.840
rpr	281.700
lab	281.640
pêc	281.170
cée	280.750
utô	280.740
rid	280.630
evé	278.940
égl	278.720
iat	278.710
tti	278.570
urm	278.440
loc	278.250
tap	277.800
hoi	277.550
aga	276.050
upl	275.360
dès	275.210
ino	274.800
nno	274.720
ntô	274.610
bse	274.190
mmo	274.090
arç	273.620
rod	273.150
xis	273.050
adm	272.120
pot	271.070
ètr	271.060
rif	270.640
dat	270.040
aca	269.820
iri	269.670
abr	269.660
oca	269.190
nsp	268.970
acé	267.680
rdo	265.130
phi	265.120
aré	265.090
thé	264.470
goû	263.780
tié	263.030
sar	262.940
éle	262.460
lim	262.210
opp	262.200
orr	262.020
nim	261.780
nua	261.520
hot	261.230
mid	260.440
mei	260.310
rém	260.270
auf	259.690
mbi	258.690
agr	258.540
éma	257.860
igt	257.840
hac	257.760
cab	257.710
nd-	257.650
usé	257.440
acr	257.340
usq	257.210
los	257.070
efo	256.930
rbr	256.650
nct	256.450
lop	256.140
eds	256.030
dig	255.890
ulu	255.740
lte	255.710
alg	255.620
vac	255.300
sea	255.110
enr	254.400
pée	253.590
mèt	253.570
étu	253.000
oci	252.940
ida	252.120
maî	251.990
ogr	251.690
urc	251.080
le-	251.080
mob	249.490
olé	248.840
gem	248.730
vau	248.680
say	248.060
rva	247.870
igi	247.570
gon	246.840
fet	246.670
fig	244.980
cta	244.680
âme	244.610
ado	243.930
fur	243.450
epo	243.110
flé	242.780
sub	242.760
nar	242.510
rdé	242.410
êve	241.960
cir	241.650
ruc	241.620
sér	241.270
frè	241.160
égi	240.910
hin	240.760
-ci	240.660
hir	240.200
stu	239.850
nga	239.820
êta	239.640
aye	238.970
hef	238.860
élo	238.560
éan	238.450
fir	238.030
epa	237.820
alm	237.230
erç	236.650
réu	236.400
suf	236.250
agé	235.920
pid	235.840
pil	235.440
eût	235.270
ray	235.260
dom	235.100
cev	234.560
lue	234.380
rgi	233.340
uci	233.170
alu	231.340
tua	231.220
égo	231.170
rov	230.270
oué	230.100
erb	230.050
âte	230.030
ncs	229.960
ars	229.680
suc	229.590
bêt	229.250
lio	229.010
yag	228.630
dmi	228.180
tté	227.670
rié	227.670
éde	227.670
épu	227.470
nfl	227.460
caf	227.430
flo	227.380
épé	226.150
dév	226.140
jar	225.790
cus	225.460
esu	225.200
rmu	224.760
égu	224.610
spr	224.580
aup	224.530
fec	223.310
mpê	222.700
mpi	222.690
ato	222.580
arn	222.420
asc	222.110
épl	221.740
amé	221.530
là-	221.080
dio	220.870
pub	220.340
âge	220.060
ups	220.010
liè	219.640
iée	219.580
éba	219.460
uei	218.740
fat	218.710
imé	218.630
glo	217.780
gur	217.730
ila	217.630
céd	217.160
gué	216.870
uct	215.940
éph	215.920
put	215.800
nsc	215.570
sif	215.510
bin	215.240
jug	214.890
ean	214.880
aça	214.570
ebo	213.970
éfe	213.740
blé	213.610
vêt	213.570
yon	213.190
lèr	212.670
èle	212.490
nca	212.360
rfa	211.680
siq	211.210
niv	210.890
var	210.860
nre	210.720
fix	210.380
enç	210.240
pul	210.200
pén	209.940
itô	209.050
ège	208.880
asa	208.170
orn	208.060
utt	207.840
urv	207.460
rsq	207.160
ogn	206.780
ilo	206.630
âtr	206.530
'au	206.350
éda	206.000
bus	205.990
fol	205.260
ége	204.850
typ	204.380
aph	204.340
ifs	204.220
iés	203.950
yst	203.550
cut	202.930
nfe	202.790
afé	202.710
hen	202.520
xtr	202.490
réd	202.220
cue	202.150
efu	202.040
édu	202.020
lép	202.000
ipe	201.950
hât	201.150
mbé	200.980
ngo	200.650
obe	200.520
yez	200.440
elé	200.430
alh	200.360
soc	200.320
éal	199.810
ico	199.660
cca	199.600
éna	199.300
rej	199.150
ppl	198.980
xpr	198.860
onh	198.310
spè	197.720
yen	197.310
sul	196.440
onç	195.740
tam	195.590
tho	194.490
tau	194.430
ype	194.230
oct	193.920
dus	193.640
pac	193.590
poc	193.570
gor	193.520
fis	193.210
hôt	193.130
jui	192.720
mém	192.480
mpé	192.360
uls	192.270
lgr	191.960
nze	191.580
nau	191.430
lhe	191.300
epe	191.120
odu	190.890
pom	190.500
iet	190.210
ovi	190.100
uvi	189.240
vos	189.140
fût	188.800
ccr	188.760
six	187.910
bur	187.900
lav	187.520
ofo	187.210
lom	186.650
pab	186.390
oît	186.390
euf	186.080
lme	186.050
eue	186.030
soe	185.770
dri	185.540
até	185.170
gts	185.130
lur	185.100
cop	184.970
pha	184.940
rsu	184.680
ito	184.270
évé	184.110
siv	183.910
iot	183.860
igé	183.580
igr	183.540
uya	182.710
del	182.570
hat	181.450
mam	181.410
urb	181.400
ncr	181.360
ath	181.030
pur	180.930
tué	180.670
opé	180.610
oré	180.470
asq	180.310
rûl	179.960
brû	179.960
nac	179.880
ués	179.670
alc	179.630
lun	179.570
tez	179.560
oyé	179.540
irc	179.510
chu	179.370
gai	178.940
çan	178.860
acl	178.720
ahi	178.590
sep	178.400
utu	178.360
ibu	177.730
nio	177.600
éne	177.470
cot	176.240
phe	176.130
épe	175.920
tto	175.900
chè	175.470
irm	175.400
sco	175.290
ébu	175.230
dez	174.940
apo	174.000
arv	173.390
re-	173.260
rmo	173.200
mel	172.390
opi	172.280
te-	171.980
nhe	171.910
aun	171.650
nic	171.370
rip	171.300
geu	171.240
equ	171.050
oph	170.520
cto	170.460
ésa	170.400
run	170.190
clu	169.750
asp	169.730
uro	169.560
èch	169.550
uèr	169.410
ppu	169.350
'ab	169.320
moy	168.940
erp	168.620
mmé	168.610
e-m	168.360
tum	168.030
duc	167.970
jau	167.940
mbo	167.940
irr	167.780
mi-	167.350
nva	167.310
dea	166.800
bje	166.710
fié	166.540
cea	166.130
crè	165.920
mmi	165.920
ppé	165.410
cav	164.390
doc	164.340
ébr	164.210
rar	164.130
ûre	163.980
voq	163.860
égr	163.800
xem	163.660
rgé	163.390
ibe	163.200
oge	163.180
rco	162.790
e-c	162.310
méc	162.110
geo	162.110
evr	161.290
fas	160.780
éfl	160.740
bér	160.680
obj	160.560
éva	160.480
gés	160.450
deb	160.350
auj	160.280
gul	159.950
nab	159.470
dim	159.470
stè	159.310
hur	159.050
eho	158.990
deh	158.990
rga	158.690
eup	158.500
egr	158.470
d'h	158.450
'hu	158.380
rd'	158.380
lti	158.380
far	158.250
oi-	157.850
odi	157.770
ucc	157.710
més	157.620
giq	157.100
eoi	156.180
ofi	156.120
amu	156.000
noc	155.930
ube	155.800
éfa	155.090
ubi	154.220
cig	153.750
bsc	153.740
ago	153.720
raq	153.620
mêl	153.590
dav	153.540
nol	153.540
fré	152.770
oce	152.510
îte	152.470
bul	152.410
ogi	152.230
phr	152.110
ugi	151.790
lâc	151.730
fli	151.670
jur	151.150
âle	150.990
châ	150.950
hra	150.810
éus	150.750
rum	150.590
old	150.220
sép	150.210
rsé	150.170
url	150.160
rsi	150.120
bso	149.220
vés	149.060
eci	149.060
hèr	148.810
opa	148.760
ngs	148.720
gat	148.720
éfé	148.230
ech	148.220
eub	148.000
alt	148.000
bst	147.810
pta	147.630
ipl	147.590
péc	147.390
-là	147.230
lta	146.490
ilé	145.470
igo	145.420
drô	145.410
mèn	145.270
piq	144.830
dul	144.380
ysa	144.040
nul	143.970
ibé	143.840
ûte	143.330
boî	143.230
ném	142.970
zon	142.890
pèc	142.850
mél	142.670
léc	142.510
ayo	142.410
pru	142.230
xac	142.220
bât	141.950
nad	141.740
grâ	141.280
âce	141.280
râc	141.280
rgu	141.270
sèr	141.180
reç	140.810
tég	140.590
bag	140.530
oté	139.980
égè	139.950
ipa	139.900
hoc	139.660
mén	139.480
iab	139.340
vor	138.980
néc	138.930
-ba	138.920
ècl	138.850
séd	138.800
poq	138.720
ejo	138.570
ecu	138.390
jol	137.940
dal	137.900
leq	137.580
cès	137.290
rlé	137.040
is 	136.910
abe	136.670
oif	136.540
ayé	136.300
s q	136.290
mem	135.890
guè	135.840
ogu	135.690
coc	135.430
uts	135.310
vén	134.950
scè	134.870
llè	134.820
ncu	134.730
xce	134.630
lda	133.530
dîn	133.340
élè	133.150
séc	133.050
nég	132.690
gio	132.510
aub	132.070
qu'	131.770
mol	131.670
rcé	131.420
lex	131.390
aib	131.350
ébo	131.340
cèn	131.230
edo	131.090
âti	130.960
bot	130.920
sue	130.690
u'u	129.530
mys	129.480
cos	129.170
ené	129.000
ull	128.370
bis	128.340
fid	128.240
tut	128.150
êté	128.050
rçu	127.600
ède	127.530
roj	127.410
oje	127.060
îch	126.880
aîc	126.880
lém	126.690
rpe	126.670
uid	126.610
rcu	126.490
gên	126.480
vat	126.380
aum	125.850
rud	125.180
loy	124.800
diq	124.710
voc	124.580
mpu	124.320
ipi	124.310
rbi	123.990
lté	123.790
îna	123.780
lco	123.340
erf	123.190
fui	123.180
nav	123.060
reb	122.970
taq	122.710
ôme	122.510
oba	122.510
ual	122.350
lèt	122.260
efe	122.130
upr	121.990
à-b	121.550
num	121.500
ibi	121.220
raf	121.090
us-	120.900
imu	120.880
ope	120.640
ctr	120.550
rur	120.260
uié	120.100
nth	119.610
xpé	119.550
ece	119.410
via	119.300
tia	119.130
imb	118.870
nét	118.730
enl	118.380
pra	117.910
rça	117.820
inz	117.710
suj	117.580
clé	117.330
lea	117.320
uns	117.160
îné	117.070
paq	116.900
uje	116.430
tib	116.150
tec	116.070
hiv	115.990
oco	115.490
nfu	115.460
gil	114.690
alé	114.360
ux-	114.320
haî	113.780
bib	113.640
rèt	113.420
nea	113.390
iza	113.320
orê	113.310
ids	113.050
dol	112.870
puy	112.850
à-d	112.850
omè	112.830
thè	112.800
ofe	112.720
gir	112.700
pâl	112.610
nia	112.560
eçu	112.370
rix	112.310
cél	112.190
fêt	111.830
bol	111.680
sym	111.610
set	111.420
tun	111.340
vél	111.170
lau	110.510
dèl	109.880
-pè	109.850
île	109.800
êle	109.730
cié	109.710
pic	109.430
vet	109.200
roq	109.050
rtr	108.860
luc	108.850
d-p	108.770
ixa	108.740
fab	108.500
xer	108.480
tus	108.260
pté	108.040
plè	107.740
flu	107.640
olt	107.620
mph	107.380
bée	107.080
ané	107.030
isf	106.920
got	106.760
olè	106.170
aix	106.030
règ	105.980
tém	105.960
rau	105.960
cés	105.910
ouh	105.890
-mè	105.700
uér	105.620
sfa	105.360
xte	105.200
rvé	105.110
chr	104.950
ugl	104.810
onz	104.640
avé	104.640
maj	104.580
blè	104.470
riz	104.340
ivo	104.260
uha	104.200
inn	104.050
ias	103.730
avr	103.350
tex	103.340
erl	103.190
gol	103.190
péd	103.190
edi	103.070
adu	102.880
éje	102.680
usp	102.610
mue	102.550
sas	102.540
rru	102.380
pop	102.100
sex	102.080
lid	101.990
uru	101.640
i-c	101.430
tup	101.330
édé	101.290
oum	101.010
lèm	101.010
dar	101.010
rbo	100.890
apt	100.810
rén	100.540
orb	100.440
xiè	100.350
eug	100.260
bab	100.230
oic	100.140
omn	100.120
tot	100.110
pât	100.010
gam	99.970
ar-	99.870
sém	99.760
ocr	99.750
gt-	99.560
ièg	99.480
rêm	99.350
loq	99.340
rcl	99.270
cqu	99.050
d-m	98.990
mic	98.990
sam	98.230
érê	98.180
zar	98.080
lèg	97.770
fru	97.640
 de	97.540
iem	97.540
ocu	97.390
vig	97.310
ede	97.310
onq	96.970
-di	96.930
sad	96.870
hil	96.830
ipp	96.670
âne	96.630
hit	96.570
-ch	96.400
hol	96.350
iag	96.340
miq	96.250
nei	95.770
ios	95.760
apé	95.610
uag	95.610
-à-	95.240
ixe	95.040
pia	94.970
osp	94.910
êtu	94.820
coq	94.760
toy	94.660
omo	94.630
gér	94.480
hiq	94.280
onj	94.240
goi	94.080
pés	93.870
ésu	93.680
dén	93.490
cag	93.340
rba	93.260
lup	93.010
hut	92.980
bom	92.940
êne	92.830
gas	92.650
xcu	92.480
scl	92.420
xig	92.280
hei	92.250
plé	92.220
fug	92.190
nle	91.660
èbr	91.630
opu	91.550
rfu	90.960
éat	90.900
jec	90.890
afi	90.830
dec	90.820
cim	90.780
oyo	90.650
arp	90.450
ido	90.450
tog	90.260
rup	90.200
kil	90.180
r-d	89.930
hys	89.630
phy	89.310
obt	89.170
una	89.150
oiv	89.150
éjo	89.030
amn	88.880
ouq	88.830
sph	88.640
bré	88.600
çoi	88.580
cci	88.580
mio	88.450
ouz	88.410
nas	88.120
civ	88.080
es-	87.960
nsf	87.950
éel	87.770
cér	87.550
oth	87.490
exé	87.330
mép	87.280
ccè	87.160
pav	86.980
idè	86.850
uba	86.540
hag	86.160
fav	86.150
eço	86.140
pio	86.130
nju	86.080
hif	86.050
ttu	86.000
véc	85.840
vèr	85.830
efl	85.730
upt	85.450
éun	85.370
-vo	85.030
uxi	84.750
izo	84.620
yée	84.530
ymp	84.480
trê	84.200
esa	83.950
fée	83.930
zai	83.610
êts	83.510
nob	83.430
yth	83.320
néa	83.320
njo	83.160
anl	83.110
bav	82.910
moq	82.740
pig	82.380
gos	82.360
rno	82.220
ysi	82.040
lho	81.930
gua	81.750
uif	81.590
ssè	81.590
aje	81.540
éab	81.520
auq	81.210
yau	80.860
égé	80.460
asm	80.170
éât	80.080
sua	80.060
rèv	79.960
héâ	79.940
lul	79.820
eda	79.740
xam	79.700
obé	79.670
tyl	79.560
rlo	79.550
écé	79.450
émé	79.370
uip	79.350
mec	79.300
adé	79.260
bac	79.210
cum	78.700
lér	78.590
mos	78.570
ilh	78.340
evu	78.060
ilm	77.930
acq	77.920
iom	77.920
grè	77.870
axi	77.860
cei	77.830
oms	77.790
bic	77.720
omt	77.720
ove	77.670
nap	77.640
emu	77.620
laç	77.600
elà	77.570
laf	77.380
tén	77.210
ugu	77.110
ifo	76.900
ucl	76.780
obu	76.770
cté	76.740
sia	76.690
ded	76.490
s-m	76.470
xan	76.400
xcl	76.390
aug	76.070
ock	75.990
lap	75.910
afo	75.830
noy	75.790
nt-	75.710
sèc	75.680
ègl	75.630
coo	75.300
bén	75.280
ife	75.150
gaz	75.030
énu	74.960
tol	74.880
tât	74.790
ptu	74.710
pié	74.710
thi	74.540
réq	74.460
abu	74.390
rgn	74.260
mte	74.060
çut	74.040
omé	74.010
alp	73.960
séq	73.950
toc	73.920
the	73.720
ez-	73.600
vré	73.460
méf	73.160
amè	73.110
ûla	72.940
ics	72.860
tâc	72.850
asé	72.660
trô	72.560
èse	72.510
vah	72.450
ngr	72.200
fiè	72.140
tos	72.040
ovo	71.770
efs	71.730
xéc	71.690
edr	71.570
hic	71.460
iau	71.430
èqu	71.390
aly	71.320
maq	71.280
uêt	71.280
oso	71.210
a p	71.170
opt	71.030
ix-	70.750
lys	70.680
e-l	70.660
tid	70.610
gât	70.520
lua	70.480
ecs	70.470
acs	70.380
uad	70.360
seo	70.340
mne	70.320
yab	70.150
de-	70.130
pus	70.100
sty	70.070
mbu	70.040
cèr	69.990
dil	69.770
ôtr	69.740
biz	69.610
epl	69.440
réh	69.340
ycl	69.330
êlé	69.280
cyc	69.190
buv	69.140
ben	69.120
xté	69.090
sfo	69.030
-vi	69.010
gém	68.940
hel	68.700
pço	68.660
upç	68.660
la 	68.400
océ	68.190
inj	67.970
jal	67.920
 pl	67.850
ngè	67.840
fiq	67.830
gme	67.640
ulg	67.600
vif	67.330
îme	67.260
évu	67.260
gim	67.200
lux	67.110
beu	67.080
glé	66.910
xpo	66.840
ifl	66.830
hip	66.830
tob	66.770
bte	66.700
fèr	66.650
phè	66.640
quê	66.270
crâ	66.270
poè	66.220
rân	66.200
thm	66.020
ccé	66.000
rah	65.920
icl	65.850
e-p	65.750
xqu	65.740
noe	65.660
xci	65.650
rca	65.620
sap	65.310
ffu	65.010
orç	64.860
nin	64.770
ngi	64.690
sop	64.620
uiè	64.500
ièv	64.190
déd	64.010
in 	64.010
ctè	63.870
idu	63.450
lay	63.410
dèr	63.370
phé	63.270
yés	63.170
ltu	62.750
uyé	62.650
i-l	62.410
urf	62.230
bos	62.150
vul	62.120
det	61.890
rgo	61.280
tip	61.250
éfo	61.230
môm	61.220
ébé	61.130
uef	61.080
bau	61.030
tui	60.990
ucr	60.970
réo	60.930
uze	60.810
nib	60.630
jup	60.590
lét	60.430
mea	60.170
ryt	60.050
uic	59.990
ulp	59.960
-ma	59.920
jad	59.880
eiz	59.880
umu	59.870
laî	59.860
cog	59.760
nuq	59.520
afa	59.370
hro	59.350
éhe	59.220
tef	59.140
rao	59.060
mig	58.870
hét	58.780
imo	58.760
isè	58.730
joy	58.710
ufl	58.660
psy	58.660
nfé	58.380
etc	58.380
pun	58.320
nèr	58.290
zin	58.280
lyc	58.050
âto	57.880
hyp	57.620
hèq	57.510
uye	57.500
nex	57.490
sév	57.460
lif	57.230
als	57.110
dac	57.090
ool	57.050
uca	57.020
béi	56.980
ncè	56.840
ébl	56.800
ubs	56.790
eje	56.770
umo	56.760
exu	56.520
jai	56.320
âta	56.320
yle	56.270
ize	55.970
béc	55.860
sys	55.770
tax	55.700
tch	55.620
hme	55.570
leç	55.470
ue-	55.260
mut	55.200
ôpi	55.150
hôp	55.150
nla	55.040
ych	54.960
ixé	54.870
t-à	54.810
aou	54.730
aor	54.720
coû	54.700
hém	54.670
pip	54.590
éfu	54.570
agè	54.560
aps	54.520
eud	54.490
tub	54.460
mab	54.420
syc	54.340
unt	54.310
cec	53.780
z-v	53.720
-hu	53.610
éen	53.470
égn	53.350
viè	53.280
uds	53.260
jum	53.180
pto	53.100
uot	53.050
pèt	53.020
nué	52.940
ugé	52.940
héo	52.750
iod	52.730
vro	52.610
iar	52.590
hél	52.540
ûle	52.520
ufs	52.500
eon	52.460
cts	52.240
fos	52.230
jor	52.070
aér	52.060
'es	52.030
c'e	52.030
pêt	52.020
xal	52.000
abb	51.910
obr	51.890
élu	51.730
-pa	51.720
ioc	51.640
-co	51.390
gel	51.390
jon	51.380
moc	51.310
lât	51.200
oga	51.140
soy	51.030
êva	50.950
usu	50.920
voû	50.900
x-m	50.900
ycé	50.770
bti	50.660
bid	50.600
dab	50.590
séj	50.550
tul	50.490
-ha	50.490
ols	50.460
rvu	50.410
pem	50.390
sum	50.290
cah	50.260
lip	50.240
alb	50.120
mné	50.030
ému	49.960
aoû	49.930
gum	49.890
rpi	49.850
-bo	49.840
apl	49.730
boy	49.640
odé	49.490
nuy	49.470
nov	49.400
lub	49.370
ésh	49.280
rph	49.040
mâc	48.930
vib	48.910
dag	48.550
raj	48.550
odè	48.530
ift	48.430
uxq	48.380
e-d	48.350
xio	48.340
béb	48.260
épè	48.260
nro	48.160
boc	48.110
-se	48.080
ypo	48.000
sic	47.970
réj	47.940
huc	47.930
rtè	47.730
fte	47.730
anu	47.730
lef	47.660
adj	47.570
imè	47.530
évè	47.440
xes	47.430
cif	47.410
ièt	47.390
éth	47.300
lcu	47.290
énè	47.040
ûté	46.970
tèm	46.960
sud	46.810
ior	46.800
lve	46.760
çad	46.750
suy	46.710
ipt	46.690
évr	46.670
top	46.480
nôt	46.420
t d	46.360
-so	46.330
ium	46.230
éfè	46.230
bsu	46.020
e-f	45.980
rbé	45.960
evê	45.890
êti	45.830
éol	45.770
fés	45.680
fun	45.660
hré	45.470
ièd	45.350
mna	45.280
ijo	45.180
cic	45.110
fém	45.100
déa	45.030
rpo	44.920
diz	44.730
rt 	44.610
ucs	44.470
vus	44.470
bec	44.390
ntè	44.360
vap	44.320
géa	44.320
sha	44.300
afr	44.280
brè	44.220
dut	44.190
oro	44.150
biè	44.130
hia	44.110
hoq	44.080
uez	44.070
en-	44.010
nnê	43.870
ipé	43.830
hèt	43.820
yal	43.800
lbu	43.780
chn	43.770
irg	43.660
e-s	43.650
bei	43.590
ûlé	43.520
adv	43.460
aso	43.410
gié	43.390
ébi	43.370
nèb	43.320
n d	43.250
gad	43.230
sot	43.220
nfr	43.160
enj	42.980
ocl	42.920
bun	42.860
iér	42.740
à-h	42.700
pût	42.700
nèg	42.700
cof	42.610
xim	42.600
rbu	42.510
big	42.490
hod	42.420
dop	42.410
naï	42.370
dme	42.360
bîm	42.310
abî	42.310
ipo	42.180
exh	42.130
ciè	42.010
séa	41.920
e-v	41.890
jud	41.880
pud	41.850
fuy	41.840
rsp	41.830
rpé	41.720
dré	41.710
hèv	41.650
jan	41.640
efa	41.610
spl	41.570
ubr	41.460
sié	41.440
hec	41.390
cke	41.350
ahu	41.280
xue	41.110
rpl	41.050
enq	40.960
âil	40.780
bâi	40.780
uxe	40.740
bia	40.730
rub	40.670
sey	40.670
rua	40.660
çue	40.630
mua	40.490
odo	40.450
e-b	40.360
aïe	40.340
tôm	40.280
nil	40.210
bui	40.160
hès	40.140
nèt	40.120
alv	39.760
bés	39.760
did	39.630
ocs	39.610
dip	39.580
tmo	39.540
hni	39.440
bét	39.390
med	39.290
tad	39.180
atm	39.130
iam	39.100
lèb	39.060
çus	39.000
you	38.920
sât	38.890
nym	38.860
anè	38.850
ymb	38.750
êné	38.730
sov	38.730
ulè	38.720
êla	38.640
gac	38.570
crê	38.570
vié	38.480
tyr	38.440
uso	38.430
se-	38.260
ègr	38.190
ruy	38.170
wag	38.110
dié	37.920
lge	37.920
dve	37.840
uab	37.730
exo	37.700
fél	37.680
âté	37.680
ubo	37.620
syn	37.600
yri	37.450
azi	37.390
fâc	37.370
rhu	37.360
bij	37.310
éoc	37.280
ugn	37.270
lpt	37.130
glu	37.070
ltr	37.050
vab	37.000
nli	36.970
tèg	36.910
jac	36.890
xag	36.870
upu	36.840
lév	36.830
ûme	36.810
naç	36.750
ûta	36.640
ègu	36.570
spu	36.440
oxe	36.440
sho	36.360
éac	36.340
ûch	36.240
bûc	36.240
moe	36.220
d-c	36.220
elè	36.130
lga	36.120
fei	36.110
hio	36.040
cèd	36.020
bué	36.000
gib	35.990
nsm	35.970
dex	35.750
nho	35.740
duq	35.700
véh	35.680
rèm	35.640
lèc	35.620
uas	35.580
gig	35.580
coh	35.290
péf	35.210
jes	35.210
osc	35.140
oèt	35.000
rli	34.950
dot	34.920
éor	34.910
bue	34.860
yse	34.840
ugg	34.780
sug	34.780
x-h	34.730
puc	34.620
gog	34.570
léb	34.520
mmè	34.410
ïqu	34.360
pép	34.360
pôt	34.340
e-t	34.230
nur	34.140
olv	34.100
ubt	34.090
pog	34.090
lsi	34.080
iba	34.060
rug	33.860
ibo	33.820
mni	33.780
-en	33.740
anv	33.720
mèc	33.640
egi	33.590
inr	33.520
mez	33.500
ief	33.460
rfs	33.450
rvo	33.310
nam	33.250
jap	33.230
éer	33.230
lma	32.950
cib	32.940
onu	32.920
bah	32.890
ocè	32.780
bad	32.740
ylo	32.660
poé	32.660
foy	32.640
bbé	32.570
ova	32.500
éon	32.480
at-	32.460
-qu	32.460
oda	32.450
ony	32.360
udé	32.320
gif	32.320
-fo	32.310
-fi	32.280
frô	32.260
gus	32.180
ilè	32.100
roî	32.050
-un	31.980
flè	31.970
haï	31.920
roï	31.870
mûr	31.860
iru	31.840
xil	31.810
xta	31.660
nig	31.630
apu	31.590
ilu	31.530
sth	31.440
lob	31.420
pue	31.390
oèm	31.220
ror	31.210
emé	31.190
inç	31.170
mum	31.160
hop	31.160
néf	31.100
ugr	31.080
rfe	30.940
epé	30.900
hié	30.880
bap	30.820
-br	30.770
édr	30.770
is-	30.770
âgé	30.740
inh	30.660
céa	30.620
s-u	30.600
yme	30.590
und	30.570
ixi	30.490
udo	30.480
cém	30.480
réé	30.460
uga	30.420
rèn	30.370
ône	30.360
ums	30.350
éhi	30.340
irl	30.310
bâc	30.290
icy	30.210
sip	30.190
uth	30.160
upo	30.140
oxi	30.120
pad	30.100
hib	30.070
nât	30.020
név	30.000
uné	29.900
bir	29.840
dju	29.800
géo	29.720
lmi	29.700
rcr	29.660
rêl	29.640
goc	29.520
tof	29.500
évê	29.490
dau	29.470
ufi	29.460
ègn	29.400
pug	29.280
éis	29.200
ufr	29.190
elc	29.190
oïs	29.150
him	29.100
épê	29.080
-ne	29.010
ilt	28.970
vég	28.970
god	28.960
êna	28.930
lpa	28.890
tet	28.880
orv	28.810
gét	28.710
isk	28.660
vom	28.650
roû	28.620
tèl	28.610
das	28.600
bèr	28.580
nço	28.570
réb	28.550
rnu	28.520
déç	28.520
oiq	28.510
lpi	28.480
gru	28.450
orl	28.420
lsa	28.410
rât	28.400
édo	28.390
smi	28.320
s-d	28.290
maç	28.270
pua	28.200
uph	28.160
ick	28.150
whi	28.120
gab	28.120
deg	28.110
nmo	28.040
anm	28.040
afe	27.980
buf	27.930
zes	27.640
ogé	27.640
aju	27.630
gèn	27.590
sut	27.510
lué	27.500
sod	27.460
i-h	27.460
s-p	27.430
éçu	27.300
box	27.250
efr	27.240
à-v	27.240
oné	27.230
még	27.230
rox	27.190
lgi	27.180
béa	27.170
xai	27.060
eya	27.000
elâ	26.850
aze	26.840
sch	26.780
gaf	26.780
sèd	26.750
hoe	26.750
héb	26.680
fad	26.670
xas	26.550
max	26.460
ïve	26.350
aïv	26.350
gâc	26.310
alè	26.310
i-s	26.290
-si	26.240
x-l	26.230
ouï	26.080
lén	26.070
êvé	26.020
lgu	26.000
bsi	25.990
oot	25.970
hén	25.960
-fr	25.930
sky	25.890
êqu	25.890
vêq	25.890
rôn	25.860
t-d	25.850
irè	25.760
ket	25.710
uza	25.630
héd	25.620
-mo	25.610
kin	25.590
x-s	25.570
orz	25.540
iaq	25.530
low	25.420
dox	25.420
bua	25.350
-to	25.320
pne	25.310
mim	25.300
chê	25.220
hên	25.220
hèm	25.150
e-g	25.060
agm	24.980
-sa	24.970
ugm	24.950
guë	24.950
cod	24.890
lms	24.860
igm	24.850
yll	24.780
éag	24.750
nev	24.750
gom	24.690
myt	24.690
mâl	24.680
-he	24.670
x-c	24.640
rél	24.610
aïs	24.570
i-d	24.350
umb	24.330
yra	24.300
dru	24.300
nud	24.280
gez	24.270
boe	24.260
ûts	24.130
agg	24.080
cub	24.060
âli	24.060
-tr	23.970
s-c	23.900
éfr	23.890
lod	23.890
oïn	23.840
ohé	23.790
ung	23.660
plâ	23.590
icr	23.570
cio	23.500
sao	23.490
tuy	23.480
nxi	23.440
anx	23.440
uig	23.290
-pe	23.240
lva	23.190
xie	23.130
ulm	23.090
baf	23.020
mbê	23.000
ymn	22.990
zig	22.940
ker	22.920
sén	22.880
rôd	22.860
rze	22.840
vad	22.830
nja	22.780
fév	22.780
xcè	22.770
bif	22.750
cao	22.720
éit	22.660
et 	22.640
nlè	22.510
ur-	22.480
ecc	22.450
rêc	22.440
-po	22.380
mât	22.330
iég	22.240
ncê	22.230
sog	22.230
cêt	22.230
vex	22.210
pèl	22.170
lse	22.120
bio	22.110
-li	22.030
nip	21.910
lug	21.900
oés	21.890
râl	21.790
irt	21.730
eba	21.700
ebu	21.700
azo	21.650
t-m	21.490
goï	21.420
pse	21.390
ith	21.320
ved	21.300
bet	21.300
voe	21.290
ng-	21.170
pès	21.170
igl	21.140
orq	21.130
ts-	21.000
-pi	20.960
slo	20.960
t-p	20.930
ebe	20.900
 et	20.880
aïq	20.770
scé	20.770
lâm	20.760
rth	20.710
nra	20.710
onr	20.700
add	20.700
cuv	20.690
s-à	20.680
t-q	20.670
oun	20.660
it-	20.620
rèc	20.610
oêl	20.480
poê	20.480
nid	20.450
-jo	20.370
dap	20.360
gic	20.320
axo	20.300
ggé	20.240
rdè	20.230
ddi	20.220
tep	20.200
blu	20.140
-pl	20.130
léa	20.130
ueb	20.120
rty	20.090
iév	20.080
nop	20.030
éru	20.030
t-s	20.000
on-	19.970
aha	19.950
i-t	19.900
epp	19.810
ziè	19.810
hid	19.810
ébe	19.790
wee	19.730
gma	19.710
ips	19.680
etu	19.680
osq	19.670
uât	19.660
xor	19.650
vur	19.620
izi	19.610
alf	19.600
bsé	19.570
lpe	19.560
déo	19.540
irq	19.530
lèl	19.530
rcs	19.520
géd	19.490
fag	19.490
hue	19.480
réi	19.460
'oe	19.460
sob	19.440
euh	19.400
mia	19.340
hâl	19.340
t-b	19.340
onb	19.320
xti	19.280
xon	19.280
naz	19.260
lax	19.250
lût	19.160
s-b	19.110
ysé	19.100
ssâ	19.090
efi	18.980
in-	18.980
axe	18.970
uev	18.950
oly	18.890
s-l	18.890
zan	18.880
bum	18.870
ese	18.870
-te	18.850
nbo	18.780
méa	18.750
ipr	18.740
utc	18.720
get	18.690
hig	18.650
vôt	18.650
syl	18.640
mno	18.620
ds-	18.620
ôla	18.620
geâ	18.610
isl	18.590
hah	18.550
sla	18.520
i-v	18.500
opl	18.490
ccl	18.470
ypt	18.460
xhi	18.460
r e	18.450
gid	18.350
ecq	18.340
zér	18.320
orf	18.280
înt	18.260
yèr	18.010
à m	17.980
dât	17.980
-fe	17.970
hav	17.970
yna	17.950
-pr	17.930
lch	17.920
d'o	17.910
 me	17.910
ur 	17.910
ïsm	17.870
buc	17.860
 à 	17.840
t à	17.840
olk	17.800
coï	17.770
t-g	17.770
gia	17.670
req	17.660
ôta	17.650
doy	17.640
gym	17.580
pyj	17.570
yja	17.570
-le	17.530
blê	17.510
lêm	17.510
héa	17.440
émè	17.430
grê	17.400
rfi	17.400
dup	17.390
e-n	17.390
exq	17.360
olf	17.340
azz	17.340
unè	17.300
ful	17.290
éir	17.250
-d'	17.250
gél	17.190
fio	17.180
yni	17.170
z-d	17.160
uon	17.140
ruq	17.140
xée	17.120
néo	17.060
lca	17.060
tav	17.010
igè	17.000
nha	16.990
eât	16.970
ski	16.970
ntê	16.940
atc	16.930
écè	16.910
aza	16.880
uvè	16.840
nec	16.800
néb	16.780
ynd	16.750
cht	16.730
xés	16.720
-gu	16.710
bob	16.690
riu	16.690
rst	16.650
s d	16.630
ïen	16.620
isâ	16.600
pyr	16.560
éap	16.540
ôti	16.540
éin	16.530
-ca	16.490
uau	16.480
-ro	16.440
s-o	16.440
êpe	16.440
s-s	16.430
-go	16.410
mèd	16.360
t-f	16.360
ès 	16.350
nvu	16.340
-ve	16.320
tôl	16.310
âpr	16.280
aby	16.260
vét	16.250
yre	16.160
prî	16.160
gay	16.120
à l	16.090
t-v	16.090
nod	16.040
cyn	16.030
néd	16.030
iur	15.960
bég	15.950
rît	15.910
tét	15.890
nza	15.890
kép	15.820
sué	15.780
 l'	15.750
caï	15.740
âss	15.710
hâs	15.710
-tê	15.700
luv	15.640
iéd	15.640
t-h	15.600
gta	15.550
ndw	15.550
e-à	15.550
unâ	15.540
biq	15.520
atè	15.510
et-	15.500
éju	15.490
hao	15.480
s-f	15.460
nef	15.440
cén	15.440
xit	15.420
nog	15.360
giv	15.360
evè	15.360
uln	15.350
què	15.340
aïf	15.330
-do	15.320
ffû	15.300
zer	15.290
as-	15.280
wic	15.280
dwi	15.280
-gr	15.230
oel	15.210
rlu	15.180
dge	15.160
éza	15.150
ndî	15.110
nri	15.090
inl	15.070
obo	14.990
piv	14.960
ôts	14.950
ex-	14.930
vîn	14.930
n q	14.930
lgé	14.900
ebâ	14.900
-of	14.890
syr	14.890
avu	14.890
unn	14.880
nçu	14.870
éai	14.860
he-	14.850
sev	14.830
jea	14.810
led	14.800
smo	14.780
xpe	14.760
nzi	14.750
ubm	14.690
rpa	14.670
eek	14.660
bme	14.620
bam	14.620
éog	14.610
asu	14.560
fît	14.540
frê	14.530
flâ	14.520
elg	14.520
adh	14.510
foo	14.460
rôt	14.440
itè	14.440
gaç	14.410
ogè	14.400
hub	14.400
yli	14.380
xha	14.370
niu	14.350
nvr	14.340
oïd	14.330
lyp	14.330
ek-	14.320
llô	14.320
k-e	14.320
lud	14.310
rdâ	14.270
lné	14.260
ïnc	14.250
jub	14.250
ark	14.240
otè	14.230
kha	14.220
hym	14.210
raç	14.210
âts	14.200
léz	14.200
ofa	14.170
tâm	14.140
fét	14.140
dum	14.140
lân	14.120
er-	14.090
-cl	14.060
lôt	14.060
clô	14.060
féb	14.050
blâ	14.030
ecd	14.000
cdo	14.000
ûrs	13.920
ipu	13.910
râp	13.870
gnè	13.870
ce-	13.830
dyn	13.820
mué	13.790
dun	13.730
aho	13.710
haf	13.690
tuo	13.680
ès-	13.670
r-c	13.670
laz	13.620
oru	13.610
fif	13.600
ôde	13.600
oïq	13.590
éam	13.560
s-e	13.550
ïeu	13.520
sli	13.510
-ga	13.490
rbè	13.460
bdo	13.460
emè	13.450
arê	13.450
ugo	13.400
nié	13.380
zet	13.380
gob	13.340
azu	13.330
ivè	13.330
guê	13.330
dhé	13.290
âcl	13.290
ifé	13.280
thr	13.270
s-v	13.250
nén	13.250
uos	13.200
ïst	13.200
uxu	13.180
ebi	13.180
sax	13.100
saï	13.090
oas	13.080
dog	13.080
nhu	13.050
zis	13.050
enh	13.050
e-h	13.020
osm	13.020
toq	13.020
cks	12.990
nnè	12.980
x-n	12.980
hus	12.940
arè	12.920
zou	12.920
lfa	12.910
ïss	12.900
féc	12.880
iog	12.820
caj	12.810
o-s	12.800
mug	12.800
u-f	12.780
à t	12.780
xié	12.780
uyè	12.770
jun	12.740
epi	12.720
gît	12.670
zur	12.660
epè	12.650
sma	12.590
âcr	12.580
pup	12.570
ack	12.550
iph	12.520
olc	12.510
ôtu	12.510
uno	12.510
ûlu	12.500
lvé	12.490
eps	12.470
ash	12.450
esé	12.440
foq	12.440
uav	12.440
llâ	12.410
xpu	12.370
afl	12.330
thu	12.330
gei	12.330
e-j	12.320
urè	12.280
vât	12.280
anz	12.240
uïe	12.230
dît	12.220
anf	12.190
ggl	12.160
oop	12.160
ic-	12.160
pué	12.100
uzz	12.100
lfe	12.070
ubé	12.070
rgè	12.060
uio	12.060
mop	12.060
flû	12.050
ygi	12.040
zzl	12.030
pif	11.990
âbl	11.980
lde	11.980
épô	11.960
iât	11.930
ggr	11.920
chô	11.900
hôm	11.900
fim	11.890
ns-	11.890
-ta	11.890
hri	11.880
nép	11.860
yar	11.860
tha	11.850
xot	11.830
zle	11.820
puz	11.820
gav	11.790
-da	11.770
éhé	11.760
nje	11.730
dod	11.730
-et	11.640
n-c	11.640
nzé	11.620
eot	11.620
lil	11.590
oxy	11.560
ypr	11.510
stâ	11.510
rd-	11.460
duv	11.440
sba	11.430
nvé	11.420
hyg	11.370
lo-	11.350
pez	11.350
lsé	11.340
own	11.310
n-p	11.300
sâm	11.280
dib	11.240
t-t	11.240
psa	11.240
rs-	11.210
gub	11.210
eab	11.190
cyp	11.160
ïne	11.150
rêp	11.120
rnè	11.100
éom	11.100
r-l	11.090
vèl	11.080
xpi	11.050
pim	11.040
aon	11.030
juc	11.030
naq	11.030
ôlé	11.020
yam	11.020
maï	11.020
va-	11.020
iqû	11.010
qûr	11.010
djo	11.000
l'i	10.950
rgs	10.950
ank	10.920
coa	10.890
taf	10.890
hêt	10.880
rsè	10.820
iac	10.800
sgr	10.800
iad	10.790
oét	10.770
heb	10.750
e-a	10.740
neq	10.740
iew	10.720
lep	10.700
uvâ	10.690
aos	10.680
zèl	10.680
îlo	10.680
co-	10.670
rki	10.630
rué	10.630
aki	10.630
fib	10.630
ymé	10.610
a-e	10.610
eak	10.570
n-a	10.550
ohu	10.540
éau	10.530
cez	10.510
ién	10.510
lyt	10.500
êtè	10.480
ebd	10.480
utè	10.420
ptê	10.410
têm	10.410
eye	10.370
saf	10.350
xcé	10.350
myo	10.350
baz	10.350
lyr	10.350
ef-	10.330
hyd	10.320
laï	10.270
léo	10.270
âtu	10.270
zéz	10.270
rha	10.240
ûri	10.230
-cr	10.220
irp	10.220
tuc	10.210
lmé	10.160
ugè	10.140
faï	10.140
sno	10.110
ifè	10.110
oyi	10.100
vam	10.080
lph	10.080
uéd	10.070
ne-	10.050
ydr	10.040
ulb	10.040
-re	10.030
loî	10.020
nny	10.010
xic	10.010
kio	10.000
ésé	9.990
ake	9.980
yph	9.970
vog	9.960
léd	9.950
jul	9.950
oke	9.940
kta	9.940
rc-	9.940
pe-	9.930
bêc	9.910
éha	9.900
ézi	9.880
shi	9.870
ulc	9.850
yio	9.830
zag	9.820
tla	9.820
kid	9.810
ebr	9.790
odr	9.760
ruf	9.760
-no	9.760
cyl	9.750
oxa	9.740
égâ	9.730
n-ê	9.730
isu	9.700
ltè	9.680
unu	9.670
jas	9.650
lci	9.650
lov	9.600
tsa	9.600
ckt	9.600
muf	9.600
ppi	9.590
ud-	9.550
-ai	9.530
-bl	9.520
ary	9.520
kla	9.490
gge	9.480
zoo	9.470
d-o	9.470
éze	9.460
rmè	9.400
bbi	9.390
leb	9.390
gun	9.330
jen	9.320
rlè	9.320
ysm	9.280
rût	9.280
rxi	9.270
arx	9.270
gyp	9.260
g-f	9.260
rfl	9.220
bju	9.220
lka	9.200
hep	9.200
égy	9.190
gnu	9.190
yrt	9.180
diu	9.160
unk	9.160
key	9.130
iki	9.120
bba	9.060
joc	9.060
ttè	9.010
uac	9.000
vâm	9.000
ghe	8.990
gst	8.980
upè	8.940
plô	8.930
lôm	8.930
-hi	8.920
inè	8.900
-fa	8.880
e-q	8.870
téo	8.870
aïd	8.860
ubj	8.850
iaf	8.820
cét	8.820
elt	8.800
 tâ	8.780
dûm	8.780
ulv	8.770
osè	8.770
-ou	8.760
ie-	8.750
u-p	8.730
jaz	8.730
mij	8.690
otu	8.680
baq	8.670
ôna	8.660
atl	8.660
byr	8.650
fûm	8.640
iap	8.620
adè	8.610
aïr	8.600
yte	8.600
xua	8.590
îmé	8.580
mmê	8.580
epô	8.580
edé	8.560
hog	8.560
ocy	8.530
yop	8.520
t-j	8.520
f-d	8.510
diè	8.500
-pu	8.480
jav	8.480
îté	8.450
d'e	8.450
héc	8.440
xib	8.440
uît	8.390
môn	8.390
umô	8.390
'em	8.380
-né	8.350
jot	8.350
léi	8.320
uêp	8.320
dka	8.310
odk	8.310
vod	8.310
lmo	8.300
ïde	8.280
ogo	8.250
n-g	8.250
rên	8.250
dje	8.250
way	8.240
pêl	8.240
ucé	8.230
éop	8.220
r-p	8.200
irâ	8.190
i-p	8.180
yur	8.180
noë	8.180
rls	8.170
isg	8.150
hoo	8.140
ouk	8.140
çur	8.130
tèq	8.120
ci-	8.120
baï	8.120
tym	8.120
xeu	8.110
côn	8.110
ôda	8.090
hti	8.080
ipè	8.070
-es	8.070
eed	8.070
abj	8.070
gyn	8.060
ync	8.060
nof	8.050
jov	8.050
sél	8.000
ptè	8.000
mît	8.000
cch	7.990
viz	7.980
zir	7.980
sèv	7.980
fâm	7.980
uim	7.930
gza	7.920
igz	7.920
ogg	7.920
-me	7.920
nfâ	7.910
 du	7.910
zza	7.910
ald	7.880
ir-	7.850
aïo	7.840
myr	7.830
ypn	7.820
i-j	7.810
esb	7.800
suç	7.800
rhé	7.790
dad	7.780
faî	7.780
mbè	7.780
ayu	7.780
huî	7.770
pno	7.750
mif	7.740
cty	7.740
abd	7.740
quâ	7.730
hmé	7.730
çab	7.730
t-n	7.720
nél	7.720
ll-	7.720
nup	7.700
mog	7.690
cyg	7.640
ygn	7.640
cry	7.630
amw	7.630
mwa	7.630
ldi	7.620
maz	7.620
ôto	7.590
ynt	7.580
sça	7.580
ïon	7.570
boh	7.520
fel	7.510
thl	7.510
nlé	7.510
rt-	7.460
téc	7.460
-sh	7.440
étè	7.390
ego	7.380
nyl	7.370
zut	7.370
otb	7.360
tba	7.360
enè	7.360
eôl	7.350
geô	7.350
pht	7.330
de 	7.320
-on	7.320
èze	7.320
oom	7.320
u-n	7.310
dîm	7.310
eet	7.300
juv	7.300
osâ	7.260
tug	7.250
fêl	7.250
euâ	7.230
eck	7.230
esç	7.230
oûl	7.220
soû	7.220
yro	7.210
al-	7.200
fub	7.200
ofé	7.180
isb	7.170
chy	7.160
tox	7.140
i-b	7.110
yac	7.110
vêc	7.110
trâ	7.110
otc	7.090
udg	7.030
bud	7.030
yps	7.030
olâ	7.020
me-	7.010
pod	7.010
ti-	7.000
byl	6.980
hun	6.970
mpè	6.970
e-r	6.960
-fl	6.920
tee	6.910
leg	6.900
ébâ	6.900
uça	6.900
ciu	6.890
thy	6.860
sbi	6.850
sfi	6.850
-ja	6.840
câb	6.840
héi	6.840
âpe	6.830
léf	6.830
foc	6.830
gaî	6.820
mee	6.820
féd	6.800
câl	6.790
ivâ	6.770
xub	6.770
giè	6.760
umè	6.720
gly	6.700
rîm	6.700
eol	6.700
oël	6.690
-al	6.680
émê	6.660
lèn	6.660
eum	6.660
mix	6.650
udd	6.630
mok	6.630
-up	6.630
sût	6.620
nks	6.610
kie	6.610
unc	6.600
ppâ	6.600
-mé	6.580
béq	6.570
nsl	6.570
sts	6.560
psu	6.560
mex	6.560
mpô	6.560
arû	6.550
mll	6.550
irv	6.550
yxi	6.510
lba	6.500
ély	6.500
zel	6.500
jut	6.500
bsè	6.490
ioq	6.490
kak	6.490
ulû	6.490
izz	6.490
esd	6.480
nnâ	6.470
omu	6.460
d-a	6.450
s-g	6.440
hyx	6.440
tlé	6.440
itl	6.440
lkl	6.430
kel	6.430
iéc	6.430
klo	6.430
ske	6.430
jés	6.420
ièn	6.420
uib	6.420
l-o	6.420
'in	6.420
éos	6.370
-cô	6.360
-ov	6.350
chs	6.320
oal	6.320
ggi	6.300
déq	6.300
x-f	6.290
âpé	6.290
apô	6.290
çât	6.270
ryp	6.260
euc	6.250
veg	6.240
-cu	6.230
ubv	6.230
bve	6.230
abé	6.230
chl	6.210
i-f	6.200
ams	6.190
aft	6.180
luq	6.180
saq	6.180
bay	6.170
reh	6.170
tay	6.170
eha	6.170
ury	6.160
c-b	6.160
sve	6.150
ow-	6.150
à-t	6.150
ckh	6.150
alq	6.130
ifr	6.110
ofu	6.100
usè	6.100
roo	6.090
slu	6.090
uaw	6.080
râm	6.060
zie	6.050
rpu	6.050
n-s	6.040
oor	6.040
éée	6.030
rtî	6.030
-ni	6.030
eic	6.030
lvi	6.030
x a	6.020
ixt	6.020
d-r	6.010
paï	6.000
l-d	5.970
ôma	5.950
aty	5.950
tît	5.920
eûn	5.910
jeû	5.910
yné	5.910
âna	5.890
xcr	5.890
psi	5.890
ddh	5.880
sof	5.880
vîm	5.880
ux 	5.880
 ag	5.880
uës	5.880
fèv	5.870
lym	5.850
rex	5.840
éas	5.840
icé	5.830
emn	5.830
n-t	5.820
vît	5.820
iao	5.810
pao	5.760
rul	5.750
d-e	5.750
liu	5.750
érè	5.740
-am	5.720
idg	5.700
xyg	5.690
cly	5.690
enâ	5.680
vip	5.680
piu	5.680
hre	5.680
nâm	5.660
ifu	5.660
bdi	5.660
xat	5.650
rrè	5.640
pok	5.620
 pr	5.620
sèq	5.620
ypi	5.620
-lo	5.610
lha	5.610
w-b	5.610
uèt	5.600
déh	5.590
sun	5.580
biv	5.580
pam	5.560
t-l	5.560
ops	5.560
acè	5.560
ibè	5.560
ouè	5.560
xul	5.560
ôli	5.550
btu	5.550
eca	5.550
new	5.550
èfl	5.540
eûm	5.540
fîm	5.540
itâ	5.520
cèl	5.510
caq	5.510
she	5.510
ûne	5.490
vaq	5.490
win	5.490
avè	5.490
eré	5.480
édè	5.480
urh	5.480
à-c	5.480
bed	5.470
cok	5.470
hno	5.450
ntâ	5.440
cua	5.430
ndè	5.430
yma	5.420
uor	5.420
bél	5.410
een	5.410
ee-	5.410
aiv	5.400
osl	5.400
mov	5.400
kis	5.370
zéb	5.370
bog	5.360
obè	5.360
n-f	5.350
kan	5.350
twe	5.340
nep	5.340
sos	5.300
-mi	5.280
dyl	5.280
uït	5.280
dvi	5.280
cuy	5.270
cow	5.270
olp	5.240
oty	5.240
tîn	5.230
xho	5.230
ulf	5.230
idy	5.210
zèb	5.200
xpa	5.170
etè	5.160
tuv	5.160
abâ	5.160
ued	5.160
fs-	5.140
ofs	5.140
ggè	5.130
asb	5.130
egm	5.130
agh	5.100
x-a	5.100
ogl	5.080
niâ	5.080
apè	5.070
ecô	5.060
nuc	5.040
kas	5.030
èdr	5.030
rhi	5.020
nré	5.010
rak	5.010
xtu	5.010
ïté	5.010
rèf	5.000
c-e	5.000
rlâ	5.000
dôm	5.000
éja	4.990
rrh	4.980
s-t	4.980
-at	4.960
néi	4.960
-sc	4.960
hob	4.960
nçâ	4.960
sfé	4.950
shé	4.950
ouo	4.950
lal	4.940
olm	4.940
xur	4.940
bès	4.940
ldo	4.940
o-r	4.930
xiq	4.920
s-r	4.910
xau	4.900
e-o	4.900
rcè	4.890
pâm	4.890
éty	4.890
byt	4.880
dhi	4.880
guï	4.870
-dé	4.870
kou	4.830
ntî	4.830
-ar	4.820
zef	4.810
sby	4.810
jat	4.810
yza	4.810
piz	4.800
aïa	4.800
yao	4.800
lee	4.800
gnâ	4.760
ck-	4.750
yci	4.750
gti	4.740
tle	4.740
ika	4.740
icô	4.730
lfr	4.730
sda	4.730
pèz	4.730
lpo	4.720
xco	4.710
igh	4.710
éod	4.700
ffè	4.690
dua	4.690
hma	4.690
exs	4.680
-ru	4.680
uft	4.680
à-p	4.680
âla	4.670
cué	4.660
kif	4.660
zom	4.660
viq	4.660
-la	4.660
mpâ	4.640
ths	4.610
eoy	4.610
-l'	4.610
cs-	4.610
uxt	4.610
ôni	4.600
oki	4.600
ébè	4.600
lcô	4.590
côv	4.590
füh	4.590
ühr	4.590
ôve	4.590
iop	4.570
sjo	4.560
isj	4.560
tîm	4.560
maf	4.560
goé	4.530
'im	4.530
oho	4.530
zél	4.530
sfe	4.530
nuè	4.530
bèn	4.530
xod	4.520
éot	4.520
-gl	4.520
evî	4.520
urâ	4.500
yti	4.490
ra-	4.490
kir	4.480
lls	4.470
lto	4.470
abè	4.470
ntl	4.460
ygè	4.460
raï	4.410
crû	4.410
pts	4.410
uzi	4.400
ogm	4.400
rpè	4.400
ptô	4.400
edu	4.400
gby	4.400
ugb	4.400
ûto	4.390
cép	4.390
rzi	4.390
toa	4.390
oys	4.390
roa	4.370
x-p	4.370
eâm	4.350
epê	4.340
eal	4.340
nox	4.340
hlè	4.330
luè	4.330
boq	4.330
c-h	4.320
rtâ	4.310
dys	4.300
luf	4.290
ask	4.280
dâm	4.270
oat	4.270
nsh	4.270
n-d	4.270
ryo	4.270
afs	4.260
ymo	4.230
îta	4.220
rér	4.210
eja	4.210
ead	4.210
ndy	4.210
ncy	4.200
wes	4.200
nc-	4.200
idr	4.200
o-a	4.200
ink	4.200
bry	4.200
ulq	4.200
ïfs	4.190
dût	4.190
rfè	4.190
xsa	4.190
zzi	4.150
sèm	4.150
ové	4.150
xhu	4.140
mah	4.140
vrî	4.140
âlé	4.130
fta	4.130
byz	4.130
g-g	4.130
am-	4.130
âqu	4.120
pâq	4.120
deq	4.120
vèn	4.120
hyl	4.090
la-	4.080
dub	4.060
-ob	4.060
ulâ	4.030
jer	4.010
ook	4.010
ory	4.010
s-n	4.000
nnû	3.990
pôl	3.990
méz	3.990
yrs	3.990
râb	3.990
yes	3.950
-af	3.940
gut	3.940
é-c	3.930
job	3.930
zée	3.920
môl	3.920
foe	3.920
oet	3.920
n-l	3.920
ul-	3.880
-lu	3.880
-ti	3.880
tod	3.870
ylv	3.870
nuf	3.870
may	3.860
ttâ	3.860
opè	3.860
bèt	3.860
ohè	3.860
à j	3.850
 je	3.850
o m	3.850
i-r	3.850
alk	3.820
eth	3.820
sni	3.820
nrô	3.810
hul	3.810
loo	3.800
loï	3.800
hka	3.790
rax	3.790
chk	3.790
ady	3.790
eu-	3.790
ppè	3.790
hlé	3.790
oél	3.790
erq	3.780
axé	3.760
gèl	3.740
imâ	3.740
nsè	3.740
bov	3.730
osy	3.730
hli	3.730
hta	3.730
cob	3.720
 tu	3.720
êto	3.720
lpr	3.720
c-t	3.720
céc	3.720
ld-	3.720
kik	3.710
nèd	3.710
eza	3.710
ge-	3.690
ihi	3.680
nih	3.680
orè	3.680
lyn	3.680
lpé	3.670
esg	3.670
sgo	3.670
èbe	3.660
ziz	3.660
iou	3.660
ewi	3.660
 ex	3.650
oït	3.650
raz	3.650
huè	3.650
èpr	3.650
lbe	3.650
nfè	3.650
lèp	3.650
hry	3.640
-or	3.620
bem	3.600
sfu	3.600
toï	3.600
ish	3.600
uém	3.600
gnî	3.600
hto	3.590
wat	3.590
hew	3.590
esk	3.590
how	3.590
ed-	3.590
béd	3.590
zén	3.590
bné	3.580
abn	3.580
rik	3.580
eas	3.560
ubu	3.540
lcé	3.540
féo	3.530
oém	3.530
hup	3.530
awa	3.530
xys	3.530
n e	3.520
m-t	3.520
ve-	3.520
idâ	3.520
usâ	3.520
oze	3.520
nuo	3.520
véo	3.520
eep	3.520
înè	3.520
ytè	3.510
céz	3.510
hlo	3.500
nub	3.490
noï	3.480
map	3.480
smé	3.480
rnâ	3.470
aél	3.470
eys	3.460
téb	3.460
nût	3.450
oqs	3.450
tsc	3.450
ags	3.450
r-a	3.450
c-à	3.440
edd	3.440
nss	3.420
bod	3.420
utâ	3.400
fé-	3.400
pee	3.400
siu	3.390
lly	3.390
hex	3.390
nsv	3.390
emê	3.390
iaz	3.380
d-u	3.380
mik	3.380
tèb	3.380
-ré	3.370
psé	3.370
ïes	3.370
îno	3.370
uâm	3.360
iio	3.350
rho	3.350
nky	3.340
âno	3.340
dja	3.330
vla	3.320
uja	3.320
jaq	3.320
lix	3.310
ild	3.310
yie	3.310
bcè	3.310
abc	3.310
so 	3.310
meç	3.310
ree	3.270
ecl	3.270
-du	3.270
bêl	3.260
iby	3.260
 ca	3.260
-ép	3.260
pèd	3.260
hyr	3.260
'en	3.260
si-	3.250
paî	3.250
rûm	3.240
rvê	3.240
uah	3.240
ddo	3.240
sît	3.210
ifa	3.210
ozo	3.210
-ra	3.200
yad	3.200
oyè	3.200
ééd	3.200
nrh	3.200
âgn	3.190
hâg	3.190
khâ	3.190
l'e	3.190
êtâ	3.190
kle	3.180
ims	3.180
ynx	3.180
lbâ	3.180
mbû	3.180
lfu	3.180
oka	3.180
çal	3.170
çag	3.150
to-	3.150
boo	3.150
evâ	3.130
kyl	3.130
elf	3.130
sra	3.120
isr	3.120
raé	3.120
adg	3.120
ogy	3.120
çat	3.110
kaw	3.110
luz	3.110
inx	3.110
ebs	3.110
rys	3.110
ro-	3.100
-au	3.070
arj	3.070
oag	3.060
-je	3.060
yno	3.060
ody	3.060
-vu	3.050
fto	3.050
rmî	3.050
yto	3.050
l'o	3.040
lûm	3.040
i-o	3.010
ls-	3.000
oha	3.000
o-b	2.990
ork	2.990
l-s	2.990
bye	2.990
zen	2.980
ogh	2.980
r-s	2.980
mbs	2.980
e-e	2.980
deç	2.970
eçà	2.970
jee	2.970
axa	2.950
e-é	2.950
yât	2.940
noq	2.930
nlu	2.930
yss	2.930
tr'	2.930
aot	2.920
arâ	2.920
lol	2.920
no-	2.920
ébê	2.910
bey	2.910
ar 	2.910
-vê	2.910
pèg	2.910
r m	2.910
uol	2.910
 mé	2.910
duo	2.910
uzo	2.910
éo-	2.900
jin	2.900
éiè	2.900
sah	2.880
kra	2.870
yco	2.870
yot	2.870
thn	2.870
xto	2.860
ley	2.860
hiz	2.860
nît	2.850
op-	2.850
âma	2.850
fue	2.850
le 	2.850
ufa	2.850
boa	2.850
 lu	2.840
yet	2.840
lld	2.840
jeb	2.840
îma	2.840
ryg	2.840
ruo	2.840
bof	2.840
r-b	2.840
éum	2.830
érâ	2.820
nke	2.810
hak	2.790
umâ	2.790
zye	2.790
roé	2.790
yde	2.790
pah	2.790
èpe	2.780
nhi	2.780
iès	2.780
êmi	2.780
a-c	2.780
zés	2.780
uéf	2.780
chm	2.780
olà	2.770
daq	2.770
mté	2.770
r-r	2.770
hoy	2.740
ryn	2.730
isî	2.730
riâ	2.720
rfé	2.720
ocq	2.720
en 	2.710
bip	2.710
 gu	2.710
ceâ	2.710
rbl	2.710
p-p	2.710
dah	2.710
e l	2.710
wns	2.700
arô	2.700
rôm	2.700
eat	2.700
-ap	2.660
-be	2.660
n-m	2.660
lyg	2.660
ou-	2.650
mbâ	2.650
nsg	2.650
gyr	2.650
 of	2.640
uko	2.640
e g	2.640
k-u	2.640
uks	2.640
poo	2.640
rvî	2.630
léu	2.630
doz	2.630
uiq	2.610
tuf	2.610
lza	2.590
rka	2.590
ivu	2.590
ot-	2.590
aka	2.580
d-d	2.580
ox-	2.580
tzi	2.580
xén	2.580
ylè	2.580
kip	2.580
paf	2.580
ygm	2.570
lcè	2.570
kam	2.570
rçû	2.570
rvâ	2.570
baj	2.570
kaz	2.570
kim	2.570
ffs	2.570
uyo	2.560
i-a	2.560
smu	2.540
esi	2.540
ptr	2.530
ght	2.520
oïa	2.520
bez	2.520
fay	2.520
eld	2.510
fox	2.510
dèm	2.510
phl	2.510
lbo	2.500
ilb	2.500
ahl	2.500
aïc	2.500
gn 	2.500
 vi	2.500
lbi	2.500
n o	2.500
l'a	2.500
udu	2.470
kar	2.460
tao	2.450
ped	2.450
lèz	2.450
ptâ	2.450
ciq	2.450
elv	2.450
nay	2.440
nuâ	2.440
rry	2.440
nki	2.440
hyè	2.440
ooi	2.440
yèn	2.440
 ma	2.440
mao	2.440
lpê	2.440
an-	2.430
ews	2.430
g-p	2.430
vêp	2.430
uji	2.430
êpr	2.430
xen	2.430
jab	2.430
o-c	2.410
zzo	2.390
nsb	2.390
y-s	2.390
rii	2.390
ska	2.380
yor	2.380
cym	2.380
gap	2.380
zop	2.380
t-a	2.370
nâc	2.370
 mo	2.370
à c	2.370
îni	2.370
hle	2.370
hâm	2.370
uét	2.370
ibs	2.360
uéq	2.360
-in	2.360
emâ	2.340
ndâ	2.320
jux	2.310
jos	2.310
ohi	2.310
tma	2.310
pyl	2.310
nhé	2.310
x-t	2.310
muq	2.310
-yo	2.310
péq	2.310
rct	2.300
oxé	2.300
hiè	2.300
çût	2.300
kyr	2.300
hla	2.300
cov	2.300
éés	2.300
naf	2.300
-fu	2.300
i-g	2.270
obn	2.250
bnu	2.250
ouâ	2.250
jôl	2.250
njô	2.250
inâ	2.250
ômé	2.250
lst	2.240
ûlo	2.240
kom	2.240
rgl	2.240
tsi	2.240
eit	2.240
ius	2.240
rpt	2.240
hèb	2.230
neb	2.230
g-r	2.230
mîm	2.230
xyd	2.200
nîm	2.190
-va	2.180
agl	2.180
yne	2.180
ryl	2.180
kai	2.180
ebl	2.180
âmé	2.170
ugs	2.170
éeu	2.170
roh	2.170
cak	2.170
a-b	2.170
lcr	2.170
luo	2.170
pum	2.170
i-i	2.160
chp	2.160
'av	2.160
lne	2.160
aja	2.130
bâf	2.110
âfr	2.110
y-b	2.110
ayè	2.110
u-r	2.110
d-n	2.110
abê	2.110
prô	2.110
zeu	2.100
l-f	2.100
paç	2.100
bik	2.100
onp	2.100
pît	2.100
hmi	2.100
r-f	2.100
éki	2.090
oby	2.090
vân	2.090
uïa	2.090
nru	2.060
daï	2.060
-lé	2.060
wal	2.050
rsâ	2.050
hué	2.040
lél	2.040
iks	2.040
zim	2.040
kab	2.040
yog	2.040
ewa	2.040
apy	2.030
luk	2.030
xia	2.030
bak	2.030
ofl	2.030
ého	2.030
bép	2.030
ïci	2.030
z-p	2.030
c-d	2.030
ke-	2.030
gèb	2.030
lgè	2.030
ec-	2.030
rvè	2.030
apn	2.030
uïs	2.020
x-g	2.000
hi-	2.000
héq	1.990
fez	1.980
il-	1.970
ood	1.970
loa	1.970
fom	1.970
pél	1.970
x-v	1.970
jér	1.970
taï	1.970
-su	1.970
-rh	1.960
npo	1.960
asy	1.960
idû	1.960
itz	1.960
ddy	1.960
lôn	1.960
ylô	1.960
dèc	1.960
kaï	1.960
rns	1.960
osk	1.960
dey	1.960
pék	1.950
uço	1.930
ypé	1.920
egs	1.910
urû	1.900
péz	1.900
dna	1.900
idn	1.900
nsq	1.900
swe	1.900
înm	1.900
nme	1.900
iço	1.900
d-t	1.900
gga	1.900
oaq	1.900
hég	1.900
niç	1.900
eyo	1.900
ic 	1.900
êpi	1.900
htr	1.890
juk	1.890
bûm	1.890
ckp	1.890
zaz	1.890
uke	1.890
liâ	1.870
etn	1.850
tna	1.850
s-a	1.850
alz	1.850
oex	1.850
t-e	1.840
oyâ	1.840
ojo	1.840
cyt	1.840
âni	1.840
oy-	1.840
ecè	1.840
-st	1.840
a-l	1.840
ako	1.840
rym	1.840
dow	1.830
rje	1.830
shr	1.830
dha	1.830
uia	1.830
dob	1.830
vik	1.830
r-v	1.830
jel	1.830
phu	1.830
éia	1.830
caz	1.830
ssî	1.830
plû	1.830
g-c	1.830
éid	1.830
ldé	1.830
brr	1.820
f-l	1.820
rrr	1.820
yel	1.820
s e	1.820
-bi	1.780
-dr	1.780
yat	1.780
ïda	1.780
ecé	1.780
lgo	1.770
cyr	1.770
rmâ	1.770
ush	1.770
ecz	1.770
czé	1.770
zém	1.770
ew-	1.770
w-y	1.770
ip-	1.770
ivî	1.770
n-r	1.770
ezz	1.770
jah	1.770
sne	1.770
 ba	1.760
oxo	1.760
csi	1.760
mp'	1.760
t c	1.760
gèm	1.760
ytr	1.760
rtz	1.760
êlu	1.750
hpi	1.750
zoz	1.720
-mu	1.710
fiâ	1.710
-ét	1.710
éie	1.710
zoï	1.710
péb	1.700
 re	1.700
aïn	1.700
voï	1.700
tuè	1.700
ad 	1.700
eis	1.700
êlo	1.700
cki	1.700
kal	1.700
x-r	1.700
xop	1.700
r-o	1.690
c-m	1.690
 tr	1.690
erj	1.690
aké	1.690
u-t	1.690
es 	1.690
ouy	1.690
nâg	1.690
dwe	1.690
yos	1.690
 br	1.690
uou	1.690
ubc	1.690
any	1.690
gha	1.660
çot	1.650
o-p	1.650
bys	1.640
-ho	1.640
abh	1.640
gho	1.640
pty	1.640
hua	1.640
bho	1.640
gop	1.640
tsk	1.640
ecy	1.640
sdi	1.630
rçâ	1.630
-ki	1.630
 la	1.630
eam	1.630
ewe	1.630
ylé	1.630
lît	1.630
erk	1.630
reî	1.630
erz	1.630
eît	1.630
zog	1.630
faf	1.630
seg	1.630
ig 	1.620
atz	1.620
bco	1.620
g b	1.620
syd	1.620
bow	1.620
tbo	1.620
zze	1.620
pûm	1.620
utb	1.620
évô	1.620
syp	1.620
jua	1.620
ééc	1.580
glè	1.570
aoï	1.570
ygo	1.570
oer	1.570
rjo	1.570
had	1.560
war	1.560
h-c	1.560
er 	1.560
é-t	1.560
eph	1.560
ceb	1.560
dry	1.560
toh	1.560
oïc	1.560
goa	1.560
n c	1.560
p-t	1.560
ch-	1.560
kun	1.550
tèt	1.550
sku	1.550
nôl	1.550
bjo	1.550
sna	1.550
gnô	1.550
ghr	1.510
a-t	1.510
ukr	1.510
etz	1.510
xca	1.500
rju	1.500
n p	1.500
ees	1.500
woo	1.500
li-	1.500
-av	1.500
f-c	1.500
kma	1.500
aks	1.500
 cl	1.490
'îl	1.490
kol	1.490
rgm	1.490
u'î	1.490
tae	1.490
n's	1.490
oès	1.490
 fo	1.490
wer	1.490
oia	1.490
goy	1.490
aüm	1.490
sbo	1.490
naü	1.490
-pâ	1.490
hts	1.490
'or	1.490
ogs	1.490
amy	1.490
rèp	1.490
'ou	1.490
an'	1.490
's 	1.490
no 	1.490
exy	1.490
r'o	1.490
s l	1.490
c e	1.490
séi	1.480
sik	1.480
ikh	1.480
-tu	1.450
édâ	1.440
ayâ	1.440
guo	1.440
zia	1.430
rhe	1.430
lak	1.430
yca	1.430
t-r	1.430
cuc	1.430
ssy	1.430
bim	1.430
ôse	1.430
 in	1.430
kit	1.430
esn	1.430
ija	1.430
aït	1.430
us 	1.430
uf-	1.430
ubè	1.430
lah	1.430
-ju	1.430
çâm	1.430
nu-	1.420
s-q	1.420
çûm	1.420
nûm	1.420
web	1.420
ldw	1.420
inm	1.420
à-f	1.420
hu-	1.420
u-b	1.420
zas	1.420
xir	1.420
nmi	1.420
ybr	1.420
hyb	1.420
 do	1.420
myg	1.420
emî	1.420
ibb	1.390
oac	1.380
hea	1.370
ay-	1.370
a c	1.370
bbe	1.370
mud	1.370
i-é	1.370
-ph	1.370
ayi	1.360
mst	1.360
oes	1.360
bop	1.360
joj	1.360
ïka	1.360
 pe	1.360
okh	1.360
liz	1.360
hrè	1.360
k-o	1.360
péj	1.360
jog	1.360
âlo	1.360
lfi	1.360
tts	1.360
kee	1.360
s-h	1.360
mae	1.360
by-	1.360
bym	1.360
ïti	1.360
êlè	1.360
roè	1.360
à p	1.350
sîm	1.350
zob	1.350
xèr	1.350
khs	1.350
tèn	1.350
suè	1.350
bao	1.350
pyt	1.350
ruz	1.350
tew	1.350
iaé	1.350
êvi	1.350
wis	1.310
dmo	1.310
éaj	1.310
yrr	1.300
-ri	1.300
lf-	1.300
ïaq	1.300
oed	1.300
nès	1.290
sèn	1.290
uka	1.290
etâ	1.290
ywo	1.290
ney	1.290
uïr	1.290
lkm	1.290
ows	1.290
oèn	1.290
âve	1.290
lyw	1.290
hâv	1.290
pso	1.290
oc-	1.290
itm	1.290
uhl	1.290
jik	1.290
êt-	1.290
r-m	1.290
agî	1.280
wea	1.280
ixè	1.280
e t	1.280
oai	1.280
 dé	1.280
gsu	1.280
aln	1.280
um 	1.280
ymi	1.240
éad	1.240
twi	1.240
mip	1.240
xué	1.240
fti	1.240
ygé	1.230
 st	1.230
-cy	1.230
r'a	1.230
wil	1.230
aïk	1.230
bév	1.220
hiu	1.220
oef	1.220
tu 	1.220
drè	1.220
ems	1.220
keu	1.220
lyo	1.220
lmè	1.220
épî	1.220
f-v	1.220
upâ	1.220
rf-	1.220
dhè	1.220
fak	1.220
ïds	1.220
akf	1.220
à b	1.220
à-s	1.220
kfa	1.220
rks	1.220
loè	1.220
n t	1.220
à-l	1.220
hyt	1.220
wha	1.220
hép	1.220
rsc	1.220
frî	1.210
âmo	1.210
zal	1.210
éex	1.180
oen	1.180
i-n	1.170
éem	1.170
x-d	1.170
gèt	1.160
îti	1.160
bèg	1.160
ael	1.160
'ap	1.160
gda	1.160
ûti	1.160
lbé	1.160
hug	1.160
péa	1.160
muc	1.160
el-	1.160
rke	1.160
nsâ	1.160
asè	1.160
enz	1.160
 cr	1.160
t-o	1.160
hoz	1.160
ygl	1.160
kho	1.160
tuk	1.150
-gi	1.150
aob	1.150
ujé	1.150
éço	1.150
xég	1.150
uap	1.150
aïu	1.150
hâb	1.150
ïus	1.150
jét	1.150
d-b	1.150
é-l	1.150
ofè	1.150
pé-	1.150
gté	1.150
mse	1.150
apk	1.150
ruè	1.150
ée-	1.150
hoï	1.150
muè	1.150
cèp	1.150
pka	1.150
joa	1.140
éar	1.110
ahs	1.110
rey	1.100
ôné	1.100
-an	1.100
o-l	1.100
-ex	1.100
t-u	1.100
yla	1.100
os-	1.100
urk	1.090
bug	1.090
rdî	1.090
-bê	1.090
inî	1.090
écû	1.090
mak	1.090
y-f	1.090
noî	1.090
itc	1.090
ïra	1.090
aes	1.090
cya	1.090
nlo	1.090
lès	1.090
lkh	1.090
ésc	1.090
dji	1.090
miu	1.090
eçû	1.080
a f	1.080
hna	1.080
éav	1.080
kap	1.080
lce	1.080
fao	1.080
u q	1.080
véd	1.080
s-j	1.080
lsh	1.080
d-s	1.080
eyb	1.080
wli	1.080
owl	1.080
ybu	1.080
dud	1.080
aet	1.080
kél	1.080
zib	1.080
bém	1.080
anj	1.080
-éc	1.050
mâm	1.050
io-	1.040
o-é	1.030
tuâ	1.030
rye	1.030
-nu	1.030
ewé	1.030
psc	1.020
înâ	1.020
exè	1.020
âtè	1.020
mev	1.020
nvî	1.020
yru	1.020
wei	1.020
g-b	1.020
awl	1.020
l-c	1.020
amd	1.020
raw	1.020
r-n	1.020
 no	1.020
umm	1.020
iav	1.020
at'	1.020
mda	1.020
cso	1.020
gey	1.020
paz	1.020
acn	1.020
cné	1.020
swi	1.020
idd	1.020
nzo	1.020
-ag	1.020
kpo	1.010
tso	1.010
 ho	1.010
ca-	1.010
xér	1.010
uï-	1.010
ï-d	1.010
dèn	1.010
fiz	1.010
if-	1.010
zot	0.970
azé	0.970
omy	0.970
udè	0.960
dué	0.960
uaq	0.960
kys	0.960
be-	0.960
nij	0.960
kes	0.960
tza	0.960
ozi	0.960
rrâ	0.960
iju	0.960
yré	0.950
r-g	0.950
ntm	0.950
ntg	0.950
tgo	0.950
ûtè	0.950
o d	0.950
kad	0.950
lfè	0.950
ècr	0.950
yda	0.950
zul	0.950
eik	0.950
bâb	0.950
aïg	0.950
âbo	0.950
ygd	0.950
xèc	0.950
fèg	0.950
fté	0.950
âné	0.950
ppô	0.950
khé	0.950
up-	0.950
ne 	0.950
téd	0.950
ïga	0.950
ht-	0.950
-ab	0.950
jaf	0.940
-âg	0.940
uyi	0.940
i-e	0.910
alâ	0.910
açâ	0.900
yél	0.900
myé	0.900
afg	0.900
sva	0.900
fgh	0.900
ufe	0.900
déi	0.900
oko	0.900
guâ	0.900
ubd	0.900
oon	0.900
anh	0.900
ést	0.890
yâm	0.890
fty	0.890
k-b	0.890
try	0.890
fuc	0.890
-gé	0.890
nix	0.890
-bu	0.890
vrâ	0.890
tys	0.890
 co	0.890
izé	0.890
sak	0.890
lye	0.890
hyc	0.890
e d	0.890
ppy	0.890
yqu	0.890
du-	0.890
tyq	0.890
ege	0.890
egg	0.890
oïk	0.880
nka	0.880
mpy	0.880
iny	0.880
moï	0.880
ufo	0.880
hèl	0.880
pak	0.880
 ra	0.880
éou	0.880
cae	0.880
onl	0.880
lox	0.880
età	0.880
e i	0.880
mpî	0.880
uak	0.880
xus	0.880
gév	0.880
né-	0.880
p-g	0.880
ség	0.880
kpi	0.880
tôs	0.880
inû	0.880
ryc	0.880
nyo	0.880
iâm	0.840
lki	0.840
és-	0.830
kor	0.830
wai	0.830
bbl	0.830
ciâ	0.830
 po	0.830
éif	0.830
 li	0.830
llî	0.820
-dî	0.820
uki	0.820
oar	0.820
l-t	0.820
vrè	0.820
ïcs	0.820
iém	0.820
bâm	0.820
suz	0.820
téi	0.820
oec	0.820
zym	0.820
orâ	0.820
âpa	0.820
dyt	0.820
ôdé	0.820
-sé	0.820
sé-	0.820
zsc	0.820
tzs	0.820
rgy	0.810
hte	0.810
n-j	0.810
duè	0.810
gaï	0.810
chw	0.810
vlo	0.810
olz	0.810
azt	0.810
d h	0.810
ndû	0.810
ztè	0.810
uèg	0.810
pên	0.810
khô	0.810
juj	0.810
uvî	0.810
eyi	0.810
à r	0.810
f-k	0.810
hôl	0.810
uju	0.810
yin	0.810
mso	0.810
shu	0.770
o-e	0.770
kat	0.760
séb	0.760
shy	0.760
myc	0.760
gi-	0.760
so-	0.760
dgi	0.760
auç	0.760
ho-	0.760
pep	0.760
étâ	0.750
ioa	0.750
uél	0.750
géb	0.750
ahm	0.750
fee	0.750
à-m	0.750
haz	0.750
o-i	0.750
 en	0.750
u p	0.750
ûtâ	0.750
cka	0.750
etl	0.750
rn 	0.750
zod	0.750
n s	0.750
rgr	0.750
fe-	0.750
buè	0.750
wne	0.750
pyg	0.750
ex 	0.750
cyo	0.750
n-v	0.750
onè	0.750
ea 	0.750
aen	0.750
yem	0.750
uép	0.750
ac-	0.750
lcy	0.750
toz	0.750
ryb	0.750
e v	0.750
vêl	0.750
 fa	0.750
dak	0.750
-mâ	0.750
sle	0.750
bèc	0.750
llm	0.740
yga	0.740
cèt	0.740
ëls	0.740
m v	0.740
ery	0.740
hné	0.740
eec	0.740
yid	0.740
nyu	0.740
i-â	0.740
ayn	0.740
rdj	0.740
tc.	0.740
obb	0.740
 ce	0.740
sde	0.740
h-b	0.740
bef	0.740
sh-	0.740
ïau	0.740
ynè	0.740
yul	0.740
-pê	0.690
zol	0.690
zac	0.690
hyn	0.690
uam	0.690
rgh	0.690
-as	0.690
etî	0.690
cza	0.690
zyg	0.690
 ni	0.690
-pn	0.690
a-f	0.690
c-s	0.680
kch	0.680
s-é	0.680
ads	0.680
ruv	0.680
lfo	0.680
ézo	0.680
mto	0.680
aïm	0.680
cké	0.680
y-c	0.680
 ou	0.680
ryz	0.680
ou 	0.680
hsi	0.680
eu 	0.680
cût	0.680
atâ	0.680
pae	0.680
u o	0.680
moû	0.680
lth	0.680
 cu	0.680
e r	0.680
wbi	0.680
zio	0.680
 ta	0.680
m-m	0.680
owb	0.680
ey-	0.680
izn	0.680
osn	0.680
zne	0.680
bde	0.680
aïl	0.680
séo	0.680
hèc	0.680
té-	0.680
hté	0.680
êvo	0.680
doq	0.680
ybd	0.680
hst	0.680
-ir	0.680
xog	0.680
lky	0.680
fjo	0.680
ned	0.680
t r	0.680
u-v	0.680
peo	0.680
eop	0.680
nèm	0.680
pff	0.680
g-o	0.680
je-	0.680
moh	0.680
roz	0.680
-ea	0.680
méh	0.680
lof	0.680
'ég	0.680
 mu	0.680
 fr	0.680
alû	0.680
oft	0.670
c-r	0.670
o-m	0.630
-sy	0.630
o-t	0.630
ear	0.620
odg	0.620
ésp	0.620
gip	0.620
éaf	0.620
zip	0.620
lok	0.620
ghi	0.620
ps-	0.620
uay	0.620
eça	0.620
béo	0.620
on 	0.620
haw	0.620
lé-	0.620
nyc	0.620
yct	0.620
amâ	0.620
wni	0.620
émâ	0.620
o-h	0.620
-oc	0.620
bbo	0.620
ysè	0.620
peç	0.620
zos	0.620
ïad	0.620
nun	0.620
cma	0.610
nba	0.610
wah	0.610
-ts	0.610
bee	0.610
m-p	0.610
a g	0.610
éry	0.610
esh	0.610
ye-	0.610
edè	0.610
swa	0.610
zil	0.610
akc	0.610
xol	0.610
ïla	0.610
icm	0.610
ni-	0.610
c-p	0.610
d-v	0.610
eel	0.610
shm	0.610
lwe	0.610
om-	0.610
lik	0.610
soj	0.610
trö	0.610
zép	0.610
o f	0.610
gès	0.610
r-t	0.610
c-n	0.610
jag	0.610
nns	0.610
sûm	0.610
röm	0.610
hwo	0.610
ti 	0.610
gmé	0.610
tsm	0.610
wor	0.610
kop	0.610
jaj	0.610
daf	0.610
oja	0.610
nyx	0.610
soa	0.610
ulà	0.610
oos	0.610
o-f	0.560
ééq	0.560
yng	0.560
x-b	0.560
-im	0.560
utz	0.550
-na	0.550
usd	0.550
tze	0.550
caè	0.550
kos	0.550
édh	0.550
yak	0.550
sfè	0.550
edz	0.550
êpa	0.550
xez	0.550
êpé	0.550
beg	0.550
ésy	0.550
l-r	0.550
dgé	0.550
e-i	0.550
arz	0.550
ffâ	0.550
ctâ	0.550
usb	0.550
uyâ	0.550
ity	0.550
dzo	0.550
fât	0.550
f-t	0.550
uld	0.550
re 	0.550
féq	0.550
é-r	0.550
nys	0.550
lii	0.550
ïts	0.540
çao	0.540
w-w	0.540
-wi	0.540
câp	0.540
hé-	0.540
kno	0.540
n-u	0.540
ggy	0.540
elw	0.540
nèf	0.540
ûlè	0.540
ovu	0.540
rux	0.540
ïma	0.540
péi	0.540
msé	0.540
lty	0.540
a n	0.540
too	0.540
xut	0.540
ïse	0.540
osb	0.540
yoy	0.540
s v	0.540
xel	0.540
d-f	0.540
sy-	0.540
 eg	0.540
l'é	0.540
eft	0.540
hêm	0.540
éob	0.540
ohê	0.540
hèn	0.540
uum	0.540
uhs	0.540
lej	0.540
do-	0.490
ydé	0.490
ygr	0.490
o-g	0.490
iie	0.490
yas	0.490
-eu	0.490
u-l	0.490
-vé	0.490
ysp	0.490
opy	0.490
-hô	0.490
lyv	0.490
xin	0.490
xsu	0.490
kac	0.480
aal	0.480
'ân	0.480
cuf	0.480
 ri	0.480
ra 	0.480
ma-	0.480
bub	0.480
suq	0.480
am 	0.480
d-l	0.480
usn	0.480
éét	0.480
eid	0.480
n-o	0.480
ftè	0.480
é-m	0.480
yom	0.480
coy	0.480
coé	0.480
oéq	0.480
o-n	0.480
osu	0.480
o-v	0.480
onk	0.480
léj	0.480
xi-	0.480
u-m	0.480
buâ	0.480
vaj	0.480
l-p	0.480
aol	0.480
 pa	0.480
ng 	0.480
x-q	0.480
ilâ	0.480
clè	0.480
irb	0.480
n-i	0.480
tak	0.480
lmu	0.480
ird	0.480
e p	0.480
éém	0.480
olb	0.480
gh 	0.480
 nu	0.480
paj	0.480
réz	0.480
kag	0.480
-ém	0.480
aji	0.470
ôlo	0.470
pég	0.470
plî	0.470
-ég	0.470
uég	0.470
ré-	0.470
a-r	0.470
bôm	0.470
hôn	0.470
ldg	0.470
zad	0.470
kod	0.470
ngn	0.470
x m	0.470
h a	0.470
ipâ	0.470
ch 	0.470
cèv	0.470
ced	0.470
 lo	0.470
 tc	0.470
rhô	0.470
o-y	0.470
oo 	0.470
ua 	0.470
êlâ	0.470
yol	0.470
tbu	0.470
yo-	0.470
r d	0.470
itb	0.470
e b	0.470
n l	0.470
béh	0.470
f-s	0.470
 al	0.470
oyu	0.470
dgr	0.470
aîm	0.470
eyf	0.420
eag	0.420
éév	0.420
x-o	0.420
ump	0.420
yfu	0.420
éim	0.420
l-b	0.420
u-c	0.420
éiq	0.420
yva	0.420
isç	0.420
lao	0.420
ças	0.420
émy	0.420
xfo	0.420
a-s	0.420
éic	0.420
féi	0.420
-él	0.420
ttî	0.420
te 	0.420
kao	0.410
téz	0.410
ai-	0.410
zay	0.410
kum	0.410
-ge	0.410
bih	0.410
ia 	0.410
mié	0.410
ntp	0.410
kéb	0.410
luâ	0.410
aèd	0.410
myl	0.410
ntj	0.410
duf	0.410
dst	0.410
weh	0.410
x p	0.410
ox 	0.410
or-	0.410
ehr	0.410
a v	0.410
-wa	0.410
vox	0.410
uod	0.410
 di	0.410
-th	0.410
n v	0.410
yea	0.410
-hé	0.410
 so	0.410
nzy	0.410
zak	0.410
gmi	0.410
otl	0.410
ouç	0.410
haé	0.410
xyl	0.410
blî	0.410
pax	0.410
-by	0.410
d-q	0.410
py 	0.410
st 	0.410
pné	0.410
seq	0.410
vèt	0.410
ab 	0.410
umn	0.410
naj	0.410
 gr	0.410
iep	0.410
zep	0.410
ûli	0.410
owa	0.410
 ge	0.410
lvè	0.410
ixo	0.410
yta	0.410
éél	0.410
ss-	0.410
mmy	0.410
teo	0.410
c-f	0.410
ivô	0.410
vôs	0.410
su-	0.410
rij	0.410
-t-	0.410
z-s	0.410
azy	0.410
hpr	0.410
el 	0.410
gég	0.410
ûlâ	0.410
a-k	0.410
gii	0.410
l c	0.410
eor	0.410
u-é	0.410
z-l	0.410
u'e	0.410
aèr	0.410
cûm	0.410
t-é	0.410
aèt	0.410
mân	0.410
hbe	0.410
beb	0.410
y n	0.410
unl	0.410
usw	0.410
chb	0.410
h l	0.410
enô	0.410
by 	0.410
r n	0.410
ig-	0.410
t n	0.410
çau	0.410
ulk	0.410
tût	0.410
i f	0.410
kèr	0.400
tev	0.400
ha-	0.400
taj	0.400
ukè	0.400
a-v	0.350
aïb	0.350
at 	0.350
tik	0.350
frâ	0.350
omî	0.350
kur	0.350
yso	0.350
brâ	0.350
fii	0.350
véa	0.350
ch'	0.350
hît	0.350
ty-	0.350
poï	0.350
sgi	0.350
ûna	0.350
apâ	0.350
méo	0.350
dei	0.350
ilk	0.350
étê	0.350
-bé	0.350
oks	0.350
moz	0.350
uîn	0.350
-aé	0.350
soï	0.350
lk-	0.350
puî	0.350
mmâ	0.350
-ac	0.350
mib	0.350
chî	0.350
keb	0.350
tép	0.350
-gî	0.340
om 	0.340
deo	0.340
ceq	0.340
d'â	0.340
x-é	0.340
héf	0.340
fst	0.340
 ki	0.340
doj	0.340
yéy	0.340
m k	0.340
ziq	0.340
éyé	0.340
ylp	0.340
cud	0.340
t m	0.340
osh	0.340
rn-	0.340
cys	0.340
akl	0.340
g s	0.340
fft	0.340
scy	0.340
hik	0.340
dvî	0.340
-oi	0.340
-nè	0.340
tév	0.340
tah	0.340
rya	0.340
fea	0.340
uès	0.340
fiv	0.340
faq	0.340
 gi	0.340
oad	0.340
ssm	0.340
ods	0.340
bo-	0.340
kic	0.340
quî	0.340
n-e	0.340
a i	0.340
géh	0.340
raa	0.340
dmî	0.340
o-z	0.340
 ab	0.340
-zé	0.340
'er	0.340
jà-	0.340
l-à	0.340
kib	0.340
rok	0.340
tpa	0.340
êvè	0.340
s c	0.340
 da	0.340
o-j	0.340
 to	0.340
eef	0.340
zué	0.340
ézu	0.340
mnè	0.340
néz	0.340
um-	0.340
sed	0.340
ea-	0.340
usk	0.340
lts	0.340
tjo	0.340
aif	0.340
l-m	0.340
n-b	0.340
éèr	0.340
ldu	0.340
pib	0.340
ôlè	0.340
xos	0.340
sbr	0.340
 mi	0.340
toè	0.340
aym	0.340
zaï	0.340
ugh	0.340
xif	0.280
nôm	0.280
wés	0.280
rae	0.280
éwé	0.280
utî	0.280
éut	0.280
'ea	0.280
 es	0.280
dle	0.280
-ad	0.280
'ti	0.280
ué-	0.280
row	0.280
bvi	0.280
obv	0.280
âtâ	0.280
 gl	0.280
h't	0.280
fax	0.280
mta	0.280
xid	0.280
rrî	0.280
caç	0.280
tss	0.280
ïre	0.280
iov	0.280
yèd	0.280
gs-	0.280
é-g	0.280
-sp	0.280
ro 	0.280
yét	0.280
an 	0.280
lya	0.280
otâ	0.280
ïbe	0.280
-év	0.280
ot 	0.280
osg	0.280
a-m	0.280
 ti	0.280
egu	0.280
êli	0.280
oxf	0.280
vni	0.280
ovn	0.280
'ar	0.280
l-a	0.280
p-c	0.280
gev	0.280
agd	0.280
gwa	0.280
igw	0.280
a d	0.280
wam	0.280
wig	0.280
c-c	0.280
-ef	0.280
kri	0.280
u-j	0.280
o-o	0.280
e-w	0.280
ma 	0.280
glâ	0.280
usm	0.280
h c	0.280
mui	0.280
rza	0.280
péo	0.280
à-r	0.270
ll 	0.270
teg	0.270
stî	0.270
pry	0.270
avl	0.270
pch	0.270
c-é	0.270
ilc	0.270
c-v	0.270
kés	0.270
aét	0.270
eah	0.270
stc	0.270
tcu	0.270
ndj	0.270
psè	0.270
oof	0.270
stf	0.270
tfa	0.270
séz	0.270
yoc	0.270
dch	0.270
muâ	0.270
kén	0.270
kka	0.270
akk	0.270
kro	0.270
ulx	0.270
mév	0.270
urî	0.270
bi 	0.270
kéf	0.270
i e	0.270
s f	0.270
 or	0.270
cdu	0.270
hké	0.270
ïol	0.270
shk	0.270
d p	0.270
ilw	0.270
ckl	0.270
awk	0.270
sks	0.270
lwa	0.270
huy	0.270
 ov	0.270
b o	0.270
to 	0.270
ndc	0.270
ocd	0.270
ôtè	0.270
n a	0.270
uho	0.270
xea	0.270
nah	0.270
euz	0.270
oës	0.270
-it	0.270
nuu	0.270
x-k	0.270
cyx	0.270
m t	0.270
nji	0.270
y e	0.270
mkh	0.270
ymk	0.270
t o	0.270
sèl	0.270
-rê	0.270
iho	0.270
i-q	0.270
ghâ	0.270
gug	0.270
ezi	0.270
zz-	0.270
'ai	0.270
zéd	0.270
ccy	0.270
 be	0.270
ntz	0.270
 vo	0.270
m-d	0.270
u'à	0.270
noo	0.270
oa-	0.270
inp	0.270
bby	0.270
llû	0.270
dug	0.270
uçâ	0.210
a r	0.210
cyb	0.210
hév	0.210
kér	0.210
btî	0.210
-em	0.210
uév	0.210
i-u	0.210
ïsa	0.210
ybe	0.210
ypa	0.210
rzo	0.210
k-n	0.210
i g	0.210
kia	0.210
ysl	0.210
z-m	0.210
ynq	0.210
zly	0.210
sbé	0.210
ymè	0.210
f-m	0.210
ldj	0.210
ol-	0.210
enk	0.210
d l	0.210
lfs	0.210
n r	0.210
cég	0.210
oyc	0.210
lso	0.210
 ha	0.210
yxo	0.210
myx	0.210
wap	0.210
clâ	0.210
oza	0.210
izu	0.210
syz	0.210
noz	0.210
yzy	0.210
n-é	0.210
yba	0.210
okm	0.210
vun	0.210
wla	0.210
îts	0.210
gh-	0.210
c-g	0.210
éez	0.210
elm	0.210
-we	0.210
waï	0.210
eki	0.210
neg	0.210
sek	0.210
ddl	0.210
xoi	0.210
ddu	0.210
yté	0.210
wur	0.210
nk-	0.210
clû	0.210
ltâ	0.210
ïro	0.210
nkl	0.210
ojk	0.210
boï	0.210
yge	0.210
nik	0.210
ngh	0.210
jki	0.210
ri-	0.210
tni	0.210
yrè	0.210
eir	0.210
féa	0.210
rby	0.210
t g	0.210
ruâ	0.210
udâ	0.210
o s	0.210
rgî	0.210
sef	0.210
rdm	0.210
-od	0.210
exf	0.210
kay	0.210
akh	0.210
jok	0.210
fof	0.210
ihu	0.210
tès	0.210
efî	0.210
gae	0.210
e m	0.210
ixâ	0.210
rnî	0.210
lyè	0.210
roe	0.210
zor	0.210
hèd	0.210
a-g	0.210
lds	0.210
lsè	0.210
ub-	0.210
o-d	0.210
r'é	0.210
a e	0.210
ken	0.210
-m'	0.210
zzm	0.210
ttl	0.210
na 	0.210
a-h	0.210
cii	0.210
eze	0.210
psk	0.210
çar	0.210
m'e	0.210
ouî	0.210
tzo	0.210
tûm	0.200
teq	0.200
iéç	0.200
y m	0.200
à-q	0.200
ïze	0.200
 ae	0.200
x-ê	0.200
aïz	0.200
dy 	0.200
f-a	0.200
aï-	0.200
bsl	0.200
u m	0.200
xe-	0.200
dsh	0.200
hed	0.200
elb	0.200
é-s	0.200
s b	0.200
réè	0.200
nu 	0.200
côl	0.200
d v	0.200
ry-	0.200
m a	0.200
za 	0.200
-ao	0.200
i q	0.200
myd	0.200
c r	0.200
éça	0.200
ovè	0.200
ryx	0.200
l r	0.200
wan	0.200
béj	0.200
é-j	0.200
npi	0.200
akv	0.200
fse	0.200
hwa	0.200
kva	0.200
élâ	0.200
l-ê	0.200
-sk	0.200
yav	0.200
pt-	0.200
jak	0.200
urê	0.200
ênâ	0.200
az-	0.200
lps	0.200
o t	0.200
n-â	0.200
egl	0.200
esl	0.200
séu	0.200
écy	0.200
m c	0.200
ïks	0.200
rêk	0.200
e h	0.200
as 	0.200
il 	0.200
l o	0.200
 ob	0.200
fèc	0.200
êka	0.200
vav	0.200
k-w	0.200
ï-l	0.200
o g	0.200
msi	0.200
ïca	0.200
à f	0.200
ttm	0.200
dok	0.200
z-b	0.200
dij	0.200
dik	0.200
ikt	0.200
cuu	0.200
à s	0.200
h-j	0.200
dao	0.200
eo 	0.200
ah-	0.200
miz	0.140
ksa	0.140
kre	0.140
nsk	0.140
skr	0.140
gsp	0.140
ta 	0.140
peg	0.140
éhy	0.140
i-k	0.140
ckn	0.140
udî	0.140
kul	0.140
gaé	0.140
kne	0.140
mpf	0.140
-yé	0.140
é-d	0.140
é-y	0.140
yé-	0.140
èbl	0.140
zap	0.140
iwi	0.140
odâ	0.140
e-u	0.140
adâ	0.140
kni	0.140
unî	0.140
s k	0.140
bcb	0.140
 kh	0.140
koa	0.140
cbg	0.140
iak	0.140
ahî	0.140
koh	0.140
ysâ	0.140
êvâ	0.140
fén	0.140
ôdi	0.140
ôdè	0.140
yèb	0.140
rl-	0.140
t t	0.140
açu	0.140
zma	0.140
 gn	0.140
ohl	0.140
al 	0.140
d-h	0.140
sh 	0.140
 ch	0.140
îtè	0.140
aiz	0.140
yum	0.140
rdû	0.140
ldâ	0.140
rko	0.140
bsw	0.140
swo	0.140
ryu	0.140
nèp	0.140
uvl	0.140
ll'	0.140
k-d	0.140
ak-	0.140
léé	0.140
uck	0.140
npa	0.140
nak	0.140
htm	0.140
mnâ	0.140
ekt	0.140
y f	0.140
 fe	0.140
érî	0.140
sa 	0.140
uku	0.140
 bo	0.140
l d	0.140
yis	0.140
s p	0.140
ipc	0.140
aws	0.140
law	0.140
utl	0.140
agy	0.140
ilv	0.140
e e	0.140
rfr	0.140
spn	0.140
vop	0.140
ihe	0.140
cuz	0.140
siz	0.140
hya	0.140
kié	0.140
-ol	0.140
é-o	0.140
oïe	0.140
go-	0.140
hms	0.140
ohm	0.140
kiw	0.140
béè	0.140
n b	0.140
hût	0.140
o'c	0.140
udh	0.140
otê	0.140
'cl	0.140
-fé	0.140
hov	0.140
t i	0.140
xât	0.140
asâ	0.140
 ir	0.140
s i	0.140
chû	0.140
t s	0.140
p-f	0.140
céi	0.140
vut	0.140
ték	0.140
éka	0.140
y-g	0.140
nlâ	0.140
stp	0.140
dma	0.140
dyo	0.140
ed 	0.140
 o'	0.140
e o	0.140
ve 	0.140
 pi	0.140
ps 	0.140
s é	0.140
ôtâ	0.140
 él	0.140
x-e	0.140
buk	0.140
jèz	0.140
dsp	0.140
irh	0.140
puf	0.140
eap	0.140
siâ	0.140
hee	0.140
lsâ	0.140
viu	0.140
l-v	0.140
r-à	0.140
tgu	0.140
atg	0.140
évî	0.140
-ty	0.140
dym	0.140
-cé	0.140
d r	0.140
rhy	0.140
dho	0.140
zic	0.140
'n'	0.140
l-g	0.140
iu-	0.140
îmi	0.140
iz-	0.140
jiu	0.140
ck'	0.140
k'n	0.140
ïdi	0.140
n'r	0.140
atn	0.140
zzz	0.140
'ro	0.140
x n	0.140
tuq	0.140
é-b	0.140
hiâ	0.140
béé	0.140
l'h	0.140
ndh	0.140
béz	0.140
'he	0.140
pfe	0.140
-ji	0.140
lmâ	0.140
hsw	0.140
jit	0.140
eju	0.140
kée	0.140
lyé	0.140
ncf	0.140
urç	0.140
à g	0.140
tih	0.140
stm	0.140
hrê	0.140
cfo	0.140
hîm	0.140
icc	0.140
lsk	0.140
jiv	0.140
iôs	0.140
viô	0.140
m g	0.140
ioi	0.140
-ly	0.140
m s	0.140
tsu	0.140
doï	0.140
ay 	0.140
drâ	0.140
nax	0.140
inô	0.140
s-w	0.140
eru	0.140
l'â	0.140
n-à	0.140
n f	0.140
e f	0.140
aeg	0.140
sko	0.140
 au	0.140
cox	0.140
cît	0.140
 dr	0.140
uèl	0.140
ié-	0.140
uxa	0.140
xip	0.140
ayl	0.140
-tc	0.140
ts 	0.140
s h	0.140
ycr	0.140
 ja	0.140
ozz	0.140
koo	0.140
xdi	0.140
y o	0.140
-ut	0.140
h-l	0.140
ghl	0.140
chc	0.140
hco	0.140
âco	0.140
urj	0.140
xoe	0.140
was	0.140
th 	0.140
ety	0.140
isn	0.140
oèd	0.140
oq-	0.140
q-à	0.140
syb	0.140
ulh	0.140
uxd	0.140
hék	0.140
k-s	0.140
of 	0.140
vae	0.140
s m	0.140
ss 	0.140
ldô	0.140
m d	0.140
em 	0.140
rih	0.140
tsé	0.140
rkm	0.140
ae 	0.140
kmè	0.140
eks	0.140
e n	0.140
 ve	0.140
da 	0.140
d m	0.140
gya	0.140
él.	0.140
cév	0.140
aiq	0.140
kot	0.140
dôt	0.140
lvu	0.140
n-q	0.140
cmu	0.140
oa 	0.140
opn	0.140
oog	0.140
tiâ	0.140
e a	0.140
oml	0.140
mle	0.140
olg	0.140
ïmi	0.140
réâ	0.140
ïdj	0.140
lîm	0.140
elk	0.140
phâ	0.140
umv	0.140
mvi	0.140
ei 	0.140
ieg	0.140
ucm	0.140
méj	0.140
onô	0.140
 sp	0.140
tph	0.140
k-c	0.140
aii	0.140
ffî	0.140
tok	0.140
puè	0.140
hay	0.140
dèt	0.140
tiu	0.140
wée	0.140
bît	0.140
ubî	0.140
buo	0.140
éio	0.140
nae	0.140
aev	0.140
rcy	0.140
btr	0.140
f l	0.140
a-a	0.140
rsh	0.140
few	0.140
a m	0.140
 va	0.140
îtâ	0.070
utn	0.070
d n	0.070
nsy	0.070
afâ	0.070
adt	0.070
b-a	0.070
uzé	0.070
xeq	0.070
çru	0.070
hth	0.070
-éb	0.070
y-m	0.070
dyk	0.070
npl	0.070
êtî	0.070
b a	0.070
mof	0.070
yke	0.070
cth	0.070
anp	0.070
ômo	0.070
xfi	0.070
pco	0.070
rew	0.070
pük	0.070
r l	0.070
or 	0.070
ebé	0.070
enb	0.070
piâ	0.070
cef	0.070
éko	0.070
apü	0.070
dde	0.070
jem	0.070
x-u	0.070
xar	0.070
dék	0.070
op 	0.070
wks	0.070
bkh	0.070
abk	0.070
éur	0.070
-aq	0.070
 le	0.070
p m	0.070
dee	0.070
à n	0.070
héu	0.070
îtu	0.070
umî	0.070
ua-	0.070
sço	0.070
îto	0.070
jis	0.070
orh	0.070
b i	0.070
phn	0.070
zei	0.070
hii	0.070
iit	0.070
xav	0.070
uee	0.070
a-u	0.070
a-d	0.070
jax	0.070
cuè	0.070
hge	0.070
i-ç	0.070
s t	0.070
chg	0.070
edw	0.070
tsw	0.070
u a	0.070
puç	0.070
tme	0.070
spâ	0.070
dwa	0.070
wou	0.070
asg	0.070
fae	0.070
onâ	0.070
fah	0.070
ezo	0.070
ahr	0.070
wom	0.070
yls	0.070
uxo	0.070
âtî	0.070
ky-	0.070
géi	0.070
âmè	0.070
r-w	0.070
 ts	0.070
g g	0.070
fèq	0.070
a j	0.070
'io	0.070
grû	0.070
uxh	0.070
ovk	0.070
h'i	0.070
hih	0.070
uoa	0.070
-ça	0.070
uéb	0.070
ndô	0.070
vim	0.070
ewr	0.070
ngm	0.070
zév	0.070
vkh	0.070
ûls	0.070
kea	0.070
lzé	0.070
elz	0.070
ry 	0.070
io 	0.070
-ke	0.070
émû	0.070
e-k	0.070
htw	0.070
na-	0.070
'za	0.070
mût	0.070
t'z	0.070
myi	0.070
-ig	0.070
b-v	0.070
lfh	0.070
wri	0.070
sox	0.070
r s	0.070
ôlâ	0.070
xyr	0.070
l s	0.070
usv	0.070
svi	0.070
fèt	0.070
zda	0.070
isy	0.070
ooc	0.070
suâ	0.070
zeb	0.070
izd	0.070
zbo	0.070
svp	0.070
edî	0.070
lzb	0.070
ïba	0.070
zem	0.070
oau	0.070
stv	0.070
tvo	0.070
ucè	0.070
wif	0.070
ôdâ	0.070
wel	0.070
lfé	0.070
bma	0.070
b-h	0.070
mli	0.070
lni	0.070
smè	0.070
ésl	0.070
nee	0.070
yuc	0.070
fhy	0.070
dêv	0.070
ui 	0.070
 sh	0.070
 ap	0.070
c b	0.070
éçû	0.070
puk	0.070
shô	0.070
yup	0.070
étî	0.070
hôg	0.070
ôgu	0.070
eer	0.070
ïno	0.070
c t	0.070
lbè	0.070
e s	0.070
pfs	0.070
 ro	0.070
ee 	0.070
yém	0.070
wax	0.070
gmo	0.070
eim	0.070
ta-	0.070
a-p	0.070
u-y	0.070
ônâ	0.070
vii	0.070
viâ	0.070
weg	0.070
vsk	0.070
vzo	0.070
anr	0.070
ucî	0.070
now	0.070
mmî	0.070
yod	0.070
uun	0.070
h-t	0.070
 am	0.070
wlé	0.070
evs	0.070
mââ	0.070
xda	0.070
ixd	0.070
nèn	0.070
ugî	0.070
x-i	0.070
x-j	0.070
ncq	0.070
vyl	0.070
two	0.070
ovy	0.070
tmè	0.070
ndê	0.070
bca	0.070
alw	0.070
ldè	0.070
-op	0.070
ltm	0.070
tne	0.070
evz	0.070
amt	0.070
énâ	0.070
'al	0.070
ggo	0.070
kaa	0.070
ufé	0.070
bsa	0.070
yve	0.070
wit	0.070
sew	0.070
xiv	0.070
tyv	0.070
suv	0.070
 fl	0.070
saj	0.070
obâ	0.070
auu	0.070
 te	0.070
aui	0.070
ïev	0.070
sét	0.070
 se	0.070
ôt-	0.070
tce	0.070
dla	0.070
r-j	0.070
u-s	0.070
gdi	0.070
m p	0.070
zlo	0.070
smy	0.070
yrn	0.070
îmo	0.070
pyx	0.070
ud'	0.070
èth	0.070
mro	0.070
h t	0.070
etm	0.070
soz	0.070
lna	0.070
eml	0.070
uzy	0.070
ûro	0.070
leh	0.070
ïku	0.070
emr	0.070
ew 	0.070
za-	0.070
w w	0.070
 wa	0.070
wav	0.070
pye	0.070
rpy	0.070
brî	0.070
id-	0.070
ovr	0.070
sa-	0.070
iéb	0.070
gaw	0.070
ukh	0.070
xom	0.070
mya	0.070
pna	0.070
-id	0.070
-og	0.070
-vr	0.070
yun	0.070
rmn	0.070
dne	0.070
ydn	0.070
-wo	0.070
tls	0.070
htc	0.070
dov	0.070
tpe	0.070
moo	0.070
udj	0.070
ozy	0.070
o h	0.070
mo 	0.070
a-n	0.070
mup	0.070
à-o	0.070
boë	0.070
asd	0.070
oët	0.070
 su	0.070
zbe	0.070
bek	0.070
avâ	0.070
uïg	0.070
ïgo	0.070
eyé	0.070
brê	0.070
-hâ	0.070
oxh	0.070
xhy	0.070
zi-	0.070
ubb	0.070
nko	0.070
kso	0.070
aiu	0.070
iut	0.070
lpè	0.070
unr	0.070
aku	0.070
nty	0.070
-gn	0.070
uzb	0.070
 rh	0.070
ëtt	0.070
o r	0.070
sbe	0.070
êni	0.070
iec	0.070
uoc	0.070
véf	0.070
gâp	0.070
uep	0.070
hmo	0.070
rcî	0.070
iép	0.070
béî	0.070
éîm	0.070
uéa	0.070
uèd	0.070
zla	0.070
uzl	0.070
guz	0.070
mèq	0.070
guy	0.070
rèb	0.070
wn 	0.070
poa	0.070
dy-	0.070
rtn	0.070
iul	0.070
zme	0.070
z-r	0.070
kug	0.070
elh	0.070
umq	0.070
mqu	0.070
iob	0.070
saa	0.070
ie 	0.070
 el	0.070
ïli	0.070
g p	0.070
maé	0.070
é-p	0.070
mbd	0.070
bda	0.070
céo	0.070
ndl	0.070
dof	0.070
odl	0.070
tje	0.070
pik	0.070
jaï	0.070
ïni	0.070
kob	0.070
eua	0.070
kaf	0.070
afk	0.070
fka	0.070
-az	0.070
u'a	0.070
zoa	0.070
ïsé	0.070
cfi	0.070
joh	0.070
kek	0.070
ekc	0.070
hpu	0.070
ecf	0.070
dhp	0.070
jod	0.070
keg	0.070
gaa	0.070
aar	0.070
igg	0.070
tth	0.070
ûné	0.070
auz	0.070
egh	0.070
wèr	0.070
nké	0.070
lvo	0.070
am'	0.070
m's	0.070
'se	0.070
ïki	0.070
amz	0.070
mze	0.070
e j	0.070
ofr	0.070
ike	0.070
t p	0.070
hty	0.070
e c	0.070
ibm	0.070
azd	0.070
zdé	0.070
ïès	0.070
oïè	0.070
odh	0.070
eij	0.070
iji	0.070
lnu	0.070
 an	0.070
ewè	0.070
ckg	0.070
tsv	0.070
ény	0.070
weu	0.070
hof	0.070
rck	0.070
bèm	0.070
a b	0.070
sc-	0.070
uxé	0.070
ckb	0.070
npu	0.070
kbo	0.070
buz	0.070
euî	0.070
ibâ	0.070
a-j	0.070
acf	0.070
cfa	0.070
ghz	0.070
hze	0.070
kgr	0.070
bup	0.070
taz	0.070
c-j	0.070
c s	0.070
tzg	0.070
iox	0.070
ihé	0.070
pfu	0.070
é-é	0.070
ms-	0.070
igs	0.070
m-l	0.070
pey	0.070
lm-	0.070
poe	0.070
cay	0.070
tuu	0.070
esè	0.070
esâ	0.070
pst	0.070
tyx	0.070
ycu	0.070
n g	0.070
cko	0.070
euq	0.070
skh	0.070
-zi	0.070
zgé	0.070
'ho	0.070
kli	0.070
trî	0.070
-sè	0.070
ioï	0.070
ipy	0.070
-pé	0.070
téa	0.070
xuo	0.070
it 	0.070
l-l	0.070
irn	0.070
fué	0.070
tsy	0.070
oam	0.070
più	0.070
mo-	0.070
y b	0.070
meg	0.070
xâm	0.070
xet	0.070
-hy	0.070
eez	0.070
é-h	0.070
iay	0.070
e-z	0.070
élî	0.070
pex	0.070
t f	0.070
ap-	0.070
r f	0.070
'év	0.070
rsy	0.070
syt	0.070
foë	0.070
p-h	0.070
ut 	0.070
edb	0.070
nhè	0.070
oën	0.070
dba	0.070
nkh	0.070
nhy	0.070
ysy	0.070
yvi	0.070
rtl	0.070
ytu	0.070
ihy	0.070
 sc	0.070
ëne	0.070
iae	0.000
ehn	0.000
zkr	0.000
uop	0.000
day	0.000
.e.	0.000
-fê	0.000
doo	0.000
i.e	0.000
m'a	0.000
r-h	0.000
'as	0.000
fog	0.000
kki	0.000
shn	0.000
tu-	0.000
ekk	0.000
oeh	0.000
r-é	0.000
tzk	0.000
acm	0.000
yhé	0.000
ydi	0.000
lsd	0.000
uey	0.000
k-j	0.000
ïvo	0.000
oïv	0.000
aip	0.000
p s	0.000
xyh	0.000
 bl	0.000
 ne	0.000
 sa	0.000
ttv	0.000
ldt	0.000
cmé	0.000
tpr	0.000
tva	0.000
stn	0.000
o n	0.000
ysf	0.000
bex	0.000
m'z	0.000
ysu	0.000
pgr	0.000
upg	0.000
rtf	0.000
pda	0.000
upd	0.000
tfo	0.000
k u	0.000
'ze	0.000
gep	0.000
uht	0.000
tco	0.000
d i	0.000
ck 	0.000
-zo	0.000
t-z	0.000
lék	0.000
ecâ	0.000
t-i	0.000
ue 	0.000
acy	0.000
ésk	0.000
 up	0.000
d s	0.000
aht	0.000
hoa	0.000
mp-	0.000
 it	0.000
hok	0.000
oéc	0.000
ylc	0.000
hsm	0.000
tyo	0.000
o v	0.000
saè	0.000
oan	0.000
 ut	0.000
lks	0.000
u-a	0.000
n u	0.000
n m	0.000
tdo	0.000
daz	0.000
tda	0.000
eac	0.000
cuo	0.000
std	0.000
kga	0.000
t a	0.000
uml	0.000
g-m	0.000
byi	0.000
kev	0.000
a s	0.000
bdu	0.000
evl	0.000
año	0.000
khm	0.000
hmè	0.000
cañ	0.000
nug	0.000
jih	0.000
iha	0.000
gns	0.000
og-	0.000
k-l	0.000
loh	0.000
ykl	0.000
zyk	0.000
ohe	0.000
zyd	0.000
jig	0.000
dda	0.000
ybi	0.000
kiv	0.000
kly	0.000
ôno	0.000
g-z	0.000
lby	0.000
he 	0.000
kei	0.000
ieh	0.000
sru	0.000
jéj	0.000
oxè	0.000
ipô	0.000
ipn	0.000
pyo	0.000
beh	0.000
iko	0.000
kov	0.000
ovs	0.000
zid	0.000
faz	0.000
a l	0.000
f-r	0.000
ylm	0.000
zyl	0.000
aok	0.000
oké	0.000
nzè	0.000
kav	0.000
zèn	0.000
khe	0.000
fed	0.000
âgi	0.000
ñon	0.000
kef	0.000
à v	0.000
vum	0.000
zzy	0.000
euj	0.000
shs	0.000
shb	0.000
dsu	0.000
dca	0.000
ldc	0.000
atv	0.000
dlo	0.000
tvi	0.000
dli	0.000
me 	0.000
ioé	0.000
adl	0.000
r's	0.000
p-b	0.000
rld	0.000
lek	0.000
-is	0.000
-ps	0.000
id 	0.000
d j	0.000
k e	0.000
ek 	0.000
ebc	0.000
adô	0.000
agt	0.000
vèc	0.000
oyd	0.000
hbo	0.000
vém	0.000
s-i	0.000
uec	0.000
pek	0.000
kry	0.000
elp	0.000
itn	0.000
rèl	0.000
g f	0.000
 fu	0.000
ysc	0.000
m-s	0.000
yue	0.000
yua	0.000
ksh	0.000
in'	0.000
néq	0.000
seb	0.000
-sl	0.000
z-f	0.000
-yl	0.000
g-y	0.000
doñ	0.000
oña	0.000
kuz	0.000
xoc	0.000
uiz	0.000
naé	0.000
xob	0.000
rek	0.000
-il	0.000
er'	0.000
zez	0.000
aoy	0.000
dyc	0.000
bût	0.000
hae	0.000
tov	0.000
akd	0.000
téf	0.000
kda	0.000
toj	0.000
paè	0.000
sgè	0.000
éof	0.000
bbr	0.000
ftb	0.000
tsn	0.000
-us	0.000
p-o	0.000
p o	0.000
ap 	0.000
oap	0.000
tiz	0.000
azp	0.000
ff-	0.000
zpa	0.000
zéi	0.000
fsh	0.000
ydo	0.000
kyd	0.000
êno	0.000
ylu	0.000
éhè	0.000
kke	0.000
edm	0.000
ir 	0.000
r b	0.000
edg	0.000
k-'	0.000
 ed	0.000
mox	0.000
-'n	0.000
kez	0.000
d e	0.000
rd 	0.000
ht 	0.000
ikk	0.000
biu	0.000
aea	0.000
'n-	0.000
gfl	0.000
agf	0.000
i l	0.000
ri 	0.000
sri	0.000
ukk	0.000
g c	0.000
ndb	0.000
boz	0.000
tge	0.000
owe	0.000
aec	0.000
nya	0.000
gup	0.000
cst	0.000
'ac	0.000
umf	0.000
ahe	0.000
y-p	0.000
csé	0.000
gao	0.000
odd	0.000
aoc	0.000
éoz	0.000
nkg	0.000
axh	0.000
kgo	0.000
-éd	0.000
pa-	0.000
mav	0.000
p.m	0.000
ïdo	0.000
rön	0.000
pys	0.000
aqs	0.000
oax	0.000
qso	0.000
önt	0.000
rcm	0.000
cmè	0.000
asn	0.000
yce	0.000
l f	0.000
rl 	0.000
.m.	0.000
oïl	0.000
efé	0.000
vof	0.000
o b	0.000
 bu	0.000
éoa	0.000
zli	0.000
gec	0.000
uao	0.000
gee	0.000
eke	0.000
hek	0.000
ñor	0.000
eño	0.000
señ	0.000
x s	0.000
tão	0.000
xym	0.000
rtã	0.000
cno	0.000
ecn	0.000
emt	0.000
ltz	0.000
d-g	0.000
fts	0.000
gah	0.000
see	0.000
xyc	0.000
giu	0.000
ax 	0.000
ubh	0.000
pi-	0.000
tyg	0.000
pox	0.000
s o	0.000
ksg	0.000
-ay	0.000
lk 	0.000
k s	0.000
vui	0.000
tek	0.000
étc	0.000
ékh	0.000
inb	0.000
lyd	0.000
l-h	0.000
ly-	0.000
zif	0.000
ï c	0.000
oéd	0.000
aï 	0.000
 op	0.000
se 	0.000
lyb	0.000
xab	0.000
bdè	0.000
tli	0.000
nok	0.000
wac	0.000
rtc	0.000
nbl	0.000
adp	0.000
rnb	0.000
hyo	0.000
moé	0.000
gko	0.000
-éq	0.000
dyb	0.000
nsn	0.000
csa	0.000
sgé	0.000
pni	0.000
esm	0.000
sdu	0.000
nsd	0.000
ezc	0.000
zca	0.000
lyu	0.000
yof	0.000
zo-	0.000
oîs	0.000
yoï	0.000
yky	0.000
noa	0.000
uèn	0.000
mby	0.000
iev	0.000
moa	0.000
lyk	0.000
mha	0.000
thê	0.000
byx	0.000
amh	0.000
pém	0.000
ymu	0.000
p-d	0.000
ngk	0.000
erè	0.000
ïri	0.000
nd 	0.000
méi	0.000
d b	0.000
hm'	0.000
m'n	0.000
dôl	0.000
mès	0.000
xèn	0.000
pix	0.000
nry	0.000
mlo	0.000
n'b	0.000
'bl	0.000
n'e	0.000
gaj	0.000
kus	0.000
dôn	0.000
aic	0.000
ông	0.000
bcu	0.000
ioj	0.000
bce	0.000
l g	0.000
t b	0.000
b-z	0.000
b-n	0.000
b-e	0.000
b-c	0.000
déz	0.000
suo	0.000
kon	0.000
aan	0.000
séf	0.000
 ko	0.000
yén	0.000
syé	0.000
g k	0.000
ybo	0.000
 er	0.000
o e	0.000
ayb	0.000
-tâ	0.000
oér	0.000
muo	0.000
toé	0.000
c h	0.000
r-e	0.000
teb	0.000
kog	0.000
ycè	0.000
d u	0.000
ld 	0.000
-ér	0.000
yrm	0.000
odj	0.000
gki	0.000
dgk	0.000
aio	0.000
hm 	0.000
acô	0.000
p-m	0.000
